user_id,song_id
1,3rzgN5U6Q8EviM03LijE31
1,5lKFO0PrOC9jmOlPEdjHsL
1,1mjAD7IYvI5UGiB7WnppMf
1,6lv5ranTZyn1QcYGJgNMTx
1,07UFnnK3uPIuKv5Rs9TmXl
1,1lsBTdE6MGsKeZCD6llNu7
2,1SGt65i9AnXYdDQt1AtDRH
2,21aD24K6JOf0F0qx6HJ0dy
2,51RN0kzWd7xeR4th5HsEtW
2,2S2x5N5VJNn7vqYukvoFFC
2,4npMbTuxrUA3Wd7edACZ2L
2,5COQeGCkntn6AgXTHMKpdC
2,5sv0WnUs74Orn6GoPmC5im
2,2CVV8PtUYYsux8XOzWkCP0
2,7fQ1PCR4pZC3SyNSZHDQtT
2,2dgFqt3w9xIQRjhPtwNk3D
2,0t1fdMrn7JOg9DDsT95bxt
2,0N2Nx2lwHuqA203ZXoTwQL
2,0BCPKOYdS2jbQ8iyB56Zns
2,50vVMueaWOYOfyQUQKdaFq
2,6HrALJOMsfPCCbUo5cJCON
2,7iQXYTyuG13aoeHxGG28Nh
2,1L0z2CQKrKJ2spYSMkfim9
2,5rb9QrpfcKFHM1EUbSIurX
2,2LvCnYNqj2nzP6VQAB1uZV
2,5DxDLsW6PsLz5gkwC7Mk5S
2,6tmWKd8kKXaYGfhihe5zmp
2,3itgPtXSu4I9mr2QD6yrzP
2,11MyiSGZSYSmhhqwGUTtAq
2,0A1JLUlkZkp2EFrosoNQi0
2,2uflssWlCaJ6CbTMOsUpNI
2,3A23InNJYFYmWTnT6SH0Oh
2,5KZ0qobWEFl892YjIC02SE
3,2jTujnt0y344ai1rNOywgr
3,1wthp2KAndNsDPZxEGVNKK
3,5ScbulRnixQ2XAdvrPMFjz
3,6Vmow8PuUaU7W1T2WWLZk2
3,2L6pMQRcT6aM0Lq5FycBke
3,64JIAZ0bS7WoARYfWQGCoz
3,561jH07mF1jHuk7KlaeF0s
3,2Rk4JlNc2TPmZe2af99d45
3,0oJuzeiW6b4mtLgAW3wQFx
3,2Wj1cS0hUzWrQPzYgZJj94
3,0GAE689kVy7sFT2QWZH1Xa
3,6YvqWjhGD8mB5QXcbcUKtx
3,4uTvPEr01pjTbZgl7jcKBD
3,3T06rGO2dVEntMvym0vpQu
3,2iqHcRoOfLl1fXCf1bGO0J
3,5jyyPsIGM2yqkZN9R3TmvN
3,1lsBTdE6MGsKeZCD6llNu7
3,1s9xuJxhYM0LdVqksjegcg
4,7IWu3uIUIYIeafzwv582Ho
4,09WAnxdBuebQopKhJT3oZS
4,0lbDzTINTToToBpkrnQT2t
4,4UBKe75v9DYcehHirq4ot4
4,4zhk2RS2EZODmBW6il55Qj
4,0MHStU0muAIEMbwdnebYu2
4,5k7JSycp97vL45zSOoUsTE
4,4m9Fc8ZCfl1ILchJ47CmKR
4,1yeB8MUNeLo9Ek1UEpsyz6
4,7mDTvYD2ieE4Q28XFziMfJ
4,0yZPIEgco572UWiwoQtcYF
4,2JoJrsEV15OzbijS47lids
4,7oTE1KmtU2ml9zBhv9Reao
4,4IixOTCzviJgIigKleiVbo
4,0FfqyjhB6Kspvit1oOo7ax
4,1V15l05snHYHYVxerjMFGo
4,44c9MsAwxoAdAYpCVRBAG1
4,7DL2F2bueQycqYjqsjHYjG
4,4RtlhOoWNO5ReUwdmTdTcG
4,40U8d12pC5UHqmHwXjHjjl
4,7j31rVgGX9Q2blT92VBEA0
4,6OG05bPAwUuV3OMvy2Vy1P
4,3g7ngtg7xK3N9nKwAjDfH3
4,5YeHLHDdQ4nKHk81XFWhCU
4,6dOoNq2InmdP57QnF6HdBU
4,7xrwGUa11hnnxXWeTIzcHf
4,2avmc6AW7RbsYOC77jJhmi
4,0b0Dz0Gi86SVdBxYeiQcCP
4,7FYTCG4IXEtar8f2zmd3jk
4,1LLXZFeAHK9R4xUramtUKw
5,1f1v2sHXpFFtjxB8KVKypW
5,2RfYofkWwN77WJjR1rpena
5,03rwnftfgpYVO6QDWOZcG6
5,59D4DOkspUbWyMmbAPQkxZ
5,1o0ChtApxdxNqI6vaOK8JK
5,0nJW01T7XtvILxQgC5J7Wh
5,3ddJ8Vbc5tYPxq5zKRVke6
5,3i7mKjZKmslCFMxS1WM7DO
5,5YqltLsjdqFtvqE7Nrysvs
5,3LWVXp636uLT356Rj08Jaz
5,2Xcvt8NRLw0xbB3ClfW8MI
5,2rKmNEYrQxaOPZrOWKZpOc
5,7wBThXx7BGZHJJ3aN3OPvv
5,1EWKlsk5xEsDnejpkPkFVZ
5,1MBM7CyZbwJpVbbZJnHHRg
5,60Mq4EumvcSXznNugo9Op3
5,0rQ4jfSsfazmTHWsTVvQek
5,4sWQbsLLH2NEbO79DSZCL9
5,2IXltsrRPTEeCjy8mH9UAm
6,2JJFJEvFSWyQ59Pwl2gqSF
6,3WYW9JpdalkQyvDJLFSpUp
6,2m3ObD945KvpE5y9A1eUWm
6,17wt2Rnlnn6jR6yGY5CcAV
6,65G4Ib3w7tgLjUkO5GseN0
6,0rNgWFQJtfttOYIHfDOHCg
6,4TDPlp7OSOjuDU3l7PCM04
6,7BqBn9nzAq8spo5e7cZ0dJ
6,0NdTUS4UiNYCNn5FgVqKQY
6,5WcsxoURbNjQPQvzKpHUMn
6,7iu0WYLdo4yksKf3seaxzI
6,1rQEgtQNsj63xIUzEmKbML
6,11QNo3ld81pncy71q6VIic
6,5iyE2d4U3Vc5cqY9mPTlpy
6,0FFsgUoFibYISzMxuGS61W
6,2x0WlnmfG39ZuDmstl9xfX
6,7BMO7O7ImjV8HNTH74Tshv
6,2TeLIzFBe3hxkPR5FIQZut
6,6I3mqTwhRpn34SLVafSH7G
6,7awwmuGslmuyhnlpFipDqk
6,4LpUpiYoZ2M3Z1kmhn4EQo
6,2SLwbpExuoBDZBpjfefCtV
6,4ak9GGe6afmi2HbxEjvhIC
6,338HvC3y58zPScamNZu4Dr
6,1k2pQc5i348DCHwbn5KTdc
6,6KfoDhO4XUWSbnyKjNp9c4
6,0DWdj2oZMBFSzRsi2Cvfzf
6,7kjEqI6eZ7YlFrGhxixnlN
6,7bHT9osSq1rwT2yaImzqCi
6,0jX97Hk6L8ImeVdTTWXZ2D
6,2sdXCmHMlKDx7lQdeXTELW
6,2dGxjfhFXDIUX9h5ImyKkE
6,1gvOEwQbIEjkpLdcZwtBoB
6,4yjeRuoVickg1G87LWeRes
6,4Oyl6oYSNeeZZP0OAxPVaU
6,7sKt5Y2zJpYw78iAxndB8y
6,5omYVLodGmaxnhua99xIE8
6,1CS7Sd1u5tWkstBhpssyjP
6,50nfwKoDiSYg8zOCREWAm5
6,55TvHlxObIKvxD1vSn8Q4s
6,2WP8G2pdddDmnh1xbfKBOI
6,28irpKCCK9nn9DZSik2zEx
6,5fQBa4wkmq28xpSLOQ202K
6,5kVZxyMY1gfdCLiChsfjn1
6,2nvC4i2aMo4CzRjRflysah
7,7tTTe6pCTxB55H9NWLxYNM
7,24Z0qiHUR9cTB4UfGUqCnj
7,4Dvkj6JhhA12EX05fT7y2e
7,3a6PN6BRB8PP3ms48s7kU1
8,1wsDxqEDpsvNCatbXHjOje
8,0VJYhKhrHgJ7fgjGaC2k07
8,0sci7ppTZFm4mjcH3nu8yO
8,1npx6ZSuv0KOIa8Pv7qCsu
8,3aL7uOGU9S77L4pfFr43Es
8,0bcZ7xN9IcjSNxLerzR2yl
8,6i2XzqnaxvpNVTUw8EjPMU
8,73OIUNKRi2y24Cu9cOLrzM
8,2cYqizR4lgvp4Qu6IQ3qGN
8,77ewVGidVJETHhGtlNelrg
8,0440JCJyIAmINA8KcYgFb5
8,5VP1yXviUwA0KA0ewit5pe
8,1V15l05snHYHYVxerjMFGo
8,5i6V88QD3nt9at4915JISY
8,3Umj02ZNl4d356pS1D38mn
8,30zRVzH3FUvbtqYwLvd5fc
8,7qEHsqek33rTcFNT9PFqLf
8,4ipF2KcbNGlPZDTeQsXnPy
8,3siwsiaEoU4Kuuc9WKMUy5
8,6pYNq0ZwpPVazKzsqpf0G8
8,3TRWJr4S3evnXhXtJ304MC
9,7CZyCXKG6d5ALeq41sLzbw
9,6pZHZndlo57dPCYnvlYFOE
9,7d35DaGPriDyYAfiHr9ynk
9,5YwewdqOOG0OPhALYN1gSZ
9,3LcoHjgdNl4xtWVaJGSA1p
9,53zCCom4uEoIBaOAEJtjUL
9,3I1704ruk1pl7aa1iaiGBE
9,0R6Jlsq25eZB3Wftpxi3oF
9,0DJBgBiYeSn6n1AXAkFVE8
9,6xCKXznjcHv2hZWDA0pRIe
9,0SCO8PWjkv8ppR2QVAOphv
9,3Cl9wNUPBlWTw2MlswtOKb
9,5XTHW5MQBvM3Ij010hzUeI
9,5OdI6v2L7Aez4cclpbojiZ
9,5SkuikJwvwfEvNyCepGkq3
9,1UYj8qTWjneZJDVjUMwMub
9,1DiVt4mPAMzbv2N2Yywxs1
9,4VuS959DSpr82t3qBqCrWG
9,60KvZItTS7PpROovaNVQcy
9,6VVm8loj8FpKcAPUvgJfEl
9,6ky7V6pofLTDxI6vJ6azZ4
9,1m6FkAtWVloxIRHKl7pBDP
9,7J1uxwnxfQLu4APicE5Rnj
9,3ExweHKZF9B752DPQByRVT
9,12nBPF4Rh4XLFJV0YLN7uj
9,6Vn1vje8yMw2OY6IOk9dkH
9,5XbA7TAqsD0fj0dGBrbb0D
9,7sK3nu6yk8urQ44ouEB7Au
9,5eZrW59C3UgBhkqNlowEID
9,6Q3lFQgpvhA9VApFKLFZtZ
9,4XF9fk0STp9hx8xn5Suwpz
9,2oKoID9gumVTvPKuropmyS
9,2yazRoolWXk58jAmKgxcDd
9,1ysAvOdJgUjc6CqOQxepaz
9,3S6m6J4ExpHdzoV9Pfxa0U
10,0u1sqxkxZDI9ENRhtjBEUU
10,433P7tDcIAi6NLnf4Sh6tI
10,5Vt2oXZbkQgFWH1Tih1okV
10,4o82J5zr4DFEs9yj5szCVX
10,12dBXUbgyQdYv8TOVQubLw
10,4WOLAS8lP8N0mUCANErZ8j
10,5TRPicyLGbAF2LGBFbHGvO
10,09IOPhEh1OMe0HD9b36FJk
10,0SNIAtRCPVVLoGEPcuHSIc
10,05tFLPSXJ1BbqIXy4Jeqfh
10,4A2v4EPGruJLposELy736h
10,6HFywc5eQYRRYHYTatCb5Y
10,5yrrh7VYFMCNjUOIMzGNp5
10,2H3wWrnO758y0fPH7Ilerg
10,3YkNIrAvbKNrrwwEd7NVLl
10,05jQUgTm40hzAw5uqOy0ob
10,3h6lMYfnBwx2rpeAsi6eO9
10,3jjujdWJ72nww5eGnfs2E7
10,104KjF0t9EnlFOoxGLxiSQ
10,0IW0qaeyxL5Et4UG2MrJKB
10,3NbTQ8ZbHU6MSEVUFAVCJ9
10,7L3yLy4K5CI7AWK2DfAbTv
10,0CySZwyRJ0vyUqtSjM9i2k
10,5KW11tUGHVDBbyoPuqG4U9
10,4rO5VOxTbRSRuuwCQ5D1Bl
10,6kuEBz6FG4JRZrdAi7kHQ8
10,18WFFUIsewmA8g31KAeo3e
10,5Y87Aek2DGI5s4WNAh8zKR
10,7yfg0Eer6UZZt5tZ1XdsWz
10,0gBlPhTZaqY06DHCL9V7W5
10,0An16OW2kcW8h9ij5cyM9a
10,2yazRoolWXk58jAmKgxcDd
10,3pD0f7hSJg2XdQ6udw5Tey
10,0BCPKOYdS2jbQ8iyB56Zns
10,5yuShbu70mtHXY0yLzCQLQ
10,056DYwe3xS0Feo8miYtJEO
11,6lddee20NqgRXF6g4xrm2Q
11,6Boai8zLsZZG2AEHnlLXqj
11,5MMLS3xm12D7N26xlfFApr
11,4SRyrhBJ5mq8fEa3bsdZn6
11,4HsaoezrUA96qMzDK3ZWnq
11,4ZT0wGKwlJRjpMUuwZVy3p
11,1qyw5wSUkEvH8DtaCdx7Lg
11,6lv5ranTZyn1QcYGJgNMTx
11,7qEKqBCD2vE5vIBsrUitpD
11,21B4gaTWnTkuSh77iWEXdS
11,7szuecWAPwGoV1e5vGu8tl
11,5mHdCZtVyb4DcJw8799hZp
11,5c9vvmRxose2Qk8JOxpxrE
11,1X9hG9ChkrwhViamDCZTy9
11,1elQc2QcyuBkI8FUIbNvcy
11,3WSOUb3U7tqURbBSgZTrZX
11,5dDlknAL9imbXXl7uG7oqe
11,3PxTsBlC26KCv3pbsgeZsb
11,6QV8q0qVAyHjlnqQ39YIe1
11,1lguQJjlNrIOoOylYVZN3M
11,71AVxv9fJVgGpGZIGcxud3
11,2ZWlPOoWh0626oTaHrnl2a
12,5BHd0eLqg3c58QwyohoYga
12,6pYNq0ZwpPVazKzsqpf0G8
12,3siwsiaEoU4Kuuc9WKMUy5
12,6nf4oqFOsVKLwJPEliYVwT
12,1Q4DK5GLldkubj5GtCzbs7
12,3xGJuHvSxFJxxYlHj5BIoT
12,5ZCsCQrtEUJUJAylu9TDjY
12,5c9vvmRxose2Qk8JOxpxrE
12,7cCAotYlLNrrzNeNAmvUJv
12,6V8oQXzymTzpEZOsiBiyJT
12,5JiH89mHrv9oWHlD0T326z
12,0ByMNEPAPpOR5H69DVrTNy
12,4dfvPFbLEa6JzZV4dZTWt7
12,7dt6x5M1jzdTEt8oCbisTK
12,0d2Ik5rp9Icd1oqn4178x2
12,2ISzmtY9Exy1IwmJj3Hc7P
12,1Rt5PxKde8JdrCk4ZTnu0g
12,51QEyJI5M7uyd8DOh9tqQY
12,0N2Nx2lwHuqA203ZXoTwQL
12,0E3e4EZKheJbBbisNcSR1c
12,6TapyDFlRUlZ4cmIaqJx4k
12,1bDbXMyjaUIooNwFE9wn0N
12,5mSRLKGJ0Uc7FW7SlJFKaP
12,5F94xbz85nE6wfZGHqOMCG
12,0VE4kBnHJUgtMf0dy6DRmW
12,3KCNiDi9Pza6ZD8FggNoaw
12,35r28RDot7nPE7y9K9H7l0
12,7BqBn9nzAq8spo5e7cZ0dJ
12,4Hq3ZYml7RLPYKcm8AA3Bn
12,3aO5affZSi1dOB3LMmP9mO
12,2XIc1pqjXV3Cr2BQUGNBck
12,7ghKr0pCYyPPyp7t1FH8k4
12,3bG0XMhDTUoMkAV2pFAbNb
12,5UHK1rtK4MpBGb0KppIYh4
12,7mDTvYD2ieE4Q28XFziMfJ
12,0blbSxZHy1pPxAB2ZZLx9E
12,5Y87Aek2DGI5s4WNAh8zKR
12,6T27IN7Ai94BeDv6PPCmoC
12,0lc2neV7ZzjZExwCIVG2B3
12,7rbECVPkY5UODxoOUVKZnA
12,0129EujhGkwtwTFADGem5P
12,7Moee27EB8Qc4pNTzB870r
12,5sVrb7EJxs2LriI1m3KuX2
12,1q7MLlJqyDHgnvC7dqtHN0
12,6Xb2iLlSfxsvOjM3J5y0dD
12,07UFnnK3uPIuKv5Rs9TmXl
13,5EHfZq7dOhKGYRQyScX2eY
13,7ByxizhA4GgEf7Sxomxhze
13,4woTEX1wYOTGDqNXuavlRC
13,22EFPvJx2ZWMIi6npEkehZ
13,5qbhVL3vB7HwWvb0042B7y
13,4356Typ82hUiFAynbLYbPn
13,6YOfGIE6iFxC7G8OlGGvzW
13,2dmBAIjIfisvCG7G9YEh0g
13,15zJeVUmKFnbrxm9dxcxYD
13,0440JCJyIAmINA8KcYgFb5
13,5nayhWICkQGMTkisxVMbRw
13,5YL553x8sHderRBDlm3NM3
13,4KFY4EEv9CN6ivrzD6vEvg
13,0fK7ie6XwGxQTIkpFoWkd1
13,0w1qp04v2zehJXctW0JPjy
13,0Pp2I1kM3JnnyAX2S5jtHG
13,5P03xImM2uFukzoty7NDw7
13,0Nta861K14dJO3yIWdvqzJ
13,2GLWhy9iiO1wrLUF5l4FtJ
13,6PJ8FF6UR8FZXfEvpHkIVN
13,5tZgkV8FTe3rtl8OcSeQAb
13,3sW3oSbzsfecv9XoUdGs7h
13,1EKZmfqveHKe78Isfk07w4
13,2HSmyk2qMN8WQjuGhaQgCk
13,5enxwA8aAbwZbf5qCHORXi
13,3oZZfVvLJuDYc4Vn3A63Fw
13,7A2cNLRT0YJc1yjxHlKihs
13,1dyTcli07c77mtQK3ahUZR
13,6VzcQuzTNTMFnJ6rBSaLH9
13,1mUTpDe3E8pML637zOFL5D
13,1Hq9DR1s1DZIlpNZMEFA0v
13,0EgkVzDidmq4MP57jZFeik
13,30Y4CV7A6YqtQtTTo7Ue4j
13,5A0M6B0RBSXSNWv0wcppZ9
13,76qpEmu2bVlYCCz5IUcZw1
13,5xoYormSTltk6F9SlQV6mm
13,6KJqZcs9XDgVck7Lg9QOTC
13,2wg81gBz6PZSwbZrXObeW4
13,3h6lMYfnBwx2rpeAsi6eO9
13,2bif1HTYdTVgp2x29YKXmU
14,137mSruegm1u6x9NvwiagR
14,34xxPZWbEyg5iDKEBqdsBZ
14,4EivmOT13NMpNSfTKn9p4s
14,6J7PIkhtHwmFjPLq0SyuPj
14,5uhxL7UwvTMV6FSCTpKcjc
14,3JNEXPTnSxqlxNqhTW61D2
14,4LmAnpjlhWTahvRkYR8xJa
14,5Y35SjAfXjjG0sFQ3KOxmm
14,1nW0lHGLpE1iQDP5Nvt3x1
14,124NFj84ppZ5pAxTuVQYCQ
14,7ne4VBA60CxGM75vw0EYad
14,3KyKxJ4P3pVCgaZwaq2rUC
14,7l2nxyx7IkBX5orhkALg0V
14,3N260ZBbFQOypRyKSQaIGB
14,4XF9fk0STp9hx8xn5Suwpz
15,7wEs4bYaStkU6SsLZWaXH0
15,1bdNW5chWyLIenlLVHY64Z
15,7szuecWAPwGoV1e5vGu8tl
15,5yrrh7VYFMCNjUOIMzGNp5
15,5yzKUcC2oclY3CwC8Hvjk3
15,0MrRAUcB8AZiB9ue2VOBYe
15,6DkXLzBQT7cwXmTyzAB1DJ
15,4txKMpsSfZRV6durPuHVq0
15,5kqNIqFjijuzvVLhuY9B8j
15,3IfytpNFSJwGXrSJOVhKLV
15,2IOFZdYYkFxEHVz1w34PoL
15,54MsbPnTWsEC66lVUyFodF
15,1rQEgtQNsj63xIUzEmKbML
15,3siwsiaEoU4Kuuc9WKMUy5
15,0ecxQl1Uij06vO9S7htIVI
15,20R4HfKloPKgXDqU7UKk3x
15,3VdooJLOy4tLxKpnn46SMP
15,2wOvYLilnDJfuPXGHGFAWZ
15,0rQtoQXQfwpDW0c7Fw1NeM
15,5Fohh8kl8403DSoq4KH7Ll
15,3HQcsqRjRdruUjkbDSgmVF
15,2gKSQqtba0acZuweAtFfRd
15,5Qya13gFXqupr4sSmZMKDg
15,3C5yxZTCcDOi4pnFEnKJdC
15,2lLG56qpLP3UbcLuzMvkWX
15,3aGJClg6klBoSa0UZnXeMM
15,0N2Nx2lwHuqA203ZXoTwQL
15,1muR6CRm9uQ76HaJ7YBQaa
15,5VlCTpGdjw80KMurUUhT4Y
15,50QWBrZFAhD6N4B0tbfET9
15,5yAIrkplUEpMNeojW8Q30o
15,6GvXJZ8EQuUWzthpPFLr6f
15,7aSvPfoqiM0zwPqupLGaHd
15,3bwvtkLyVe7YWrKRlViloR
15,31xPPj5N9M2FxAf7raygym
15,3agTX6v1AbfY3mMA8qX2Bh
15,6KJUSJHXRrTjSMpi9PzjEy
15,1U3A66OHQyTu4N2QTMsP86
15,4dh34dyav8M5jCN3yidn8Z
15,775a936b2Vzl3fw86FaVat
15,4gtjUlg2vc9eY58zW7qDWK
15,3j3SfV4hAcR4XjCvW393Gr
15,71AVxv9fJVgGpGZIGcxud3
15,4zhk2RS2EZODmBW6il55Qj
15,7GALElZRLEkzaxZJ7TA0I3
15,308kjPoIVBzDNExO54sqAi
15,5jROdl6MhcmP3O7h2sVgtw
15,6WUjz18yIeTGDR1E69WHtf
15,49QVOdWgGagzLrThkIqtK6
15,7eQj6r5PIdYKEIZjucBMcq
16,2m3ObD945KvpE5y9A1eUWm
16,1IgePMOW0qEe1AViWgkal9
16,2Na0z2gfN67Rzf0vp74Wi3
16,21PQHLrBFov0x9HaD3ZQ7B
16,3hlGuz3loYoLfI3bpwieWq
17,1lcBt7LoEikqYmhUoa2cez
17,5V6mK1pEu22104f22m8KkX
17,466s1BacUmiRdR3ISvNjyx
17,5AwNJ5mr7mHyIhlKnQICEJ
17,4nVBt6MZDDP6tRVdQTgxJg
17,7HsvTUJcXRQVK6QuALkAvW
17,3LcoHjgdNl4xtWVaJGSA1p
17,7CZyCXKG6d5ALeq41sLzbw
17,1eUGmzzvahJjOSWgDHuRlv
17,1ckLp8lCl8LipXI0ypX72m
17,6ON9UuIq49xXY9GPmHIYRp
17,5gC8P6NwgqxcTYnwml5q5j
17,2yLa0QULdQr0qAIvVwN6B5
17,5aIEFCKhVUM5sKkwOSdFiM
17,0751ozQYIiLVQ9FRFhe55j
17,3a6PN6BRB8PP3ms48s7kU1
17,042Sl6Mn83JHyLEqdK7uI0
17,710dGcMZzo15JzqhJmDjOR
17,72cGBEqu7RitIOoACXYjfR
17,6CWwdHPWZDshoiplMtx2Jb
17,3hpm0fTeSqlhJbnqAgaLZs
17,5qHcOrOMSznBWzR8Xy1WYZ
17,7cHhlnawdN87aZbjO6LMRN
17,4JOyMhad5dD81uGYLGgKrS
17,1dAYbhcGh9pWn8NGXXoBt7
17,0mflMxspEfB0VbI1kyLiAv
17,4EIFwndJvGpgFjsEbNuYif
17,12Fkyg9lpmaz2zmKOfw2Y2
17,41krZZovstMJKeJZJtbL78
17,6ZprqcYFC6D9eIZaCoqrSn
17,7in3iob45LtO2p6njGZiUT
17,2fhOljbX79loRcdl47SFye
17,0GROiXm03OrMC5ltXLhGIu
17,6lzc0Al0zfZOIFsFvBS1ki
17,3ExweHKZF9B752DPQByRVT
17,0V3wPSX9ygBnCm8psDIegu
17,2VtgzixdB967bHDNu5A1nh
17,21CkzgKCBCq5V4XKjiGSIj
18,1dvOwoHwZB9SwvRw2Gv3nz
18,59KOoHFcw5XfICnO57holu
18,0bqC0AqaBZKBZsjhI3y2OW
18,3rzgN5U6Q8EviM03LijE31
18,3OevAJaJmLNY1PKK1b18bz
18,2xwwY0EN7dtnXzMU8xRDxX
18,2eqpaZGKGBdhcKzRKyKnyC
18,4faHjDxqvO9clYe4grJeeD
18,0VjIjW4GlUZAMYd2vXMi3b
18,3OxL6MuctgZp1e0zxoAZhH
18,72cGBEqu7RitIOoACXYjfR
18,0XZHZslvxrByI84hFYWyXS
18,4MOWpt4OwvU32uMi1jR4oD
18,0qtK3XwbuG153dmwB8iepL
18,422PeUrBywndaCCxL6bDBj
18,09vTIvb4qpqECgewqXPVSq
18,4jgF1sLf3TkQbZkLHsc6SI
18,1YYfyJ2yCvGFCxwjsIqEK9
18,1href03SFLehTobomjoWLX
18,1j6NZFHrpc09YmEZuSlmwf
18,375YEKrb4JSu03HPzwOFfJ
18,3oDkdAySo1VQQG0ptV7uwa
18,2QQ2BHrWAPVQz1LZOesXp8
18,28q0pUwcJRS2tGZsYH6xL5
18,1zhvxTuSha22nsUT5Nw8gE
18,42QGdFKDbWMDvmgsYq35HP
18,7rdP71W8x4UbJ0KAKBACbo
18,1cCbsojaA6GIT7Y3zuMJ1q
18,4r9jkMEnArtWGH2rL2FZl0
18,5KW11tUGHVDBbyoPuqG4U9
18,4keKaI4pVDsW9S7HUIq8qf
18,7y3xU9vEC1s8DSuuoSYKih
18,7dHblXsJTRemgyIvFNJE7t
18,7795WJLVKJoAyVoOtCWqXN
18,31VOknKjFrEX47bZXzqcoF
18,2V7NoXGv2VDnLeTM7w8SFd
18,7vS3Y0IKjde7Xg85LWIEdP
18,74NI58MQexwZjNu1Gu6GjT
18,5uGjeXi3epIE8N2ITkxIQ5
18,5weiiKJieLj9jOL9u2F34z
18,3TO7bbrUKrOSPGRTB5MeCz
18,16x9bQHw8TBNaGDyULvwad
18,71jWljGDgSEpsa1LA5LHSg
18,3o0nsMGWZMpp3GOEZkVuSR
18,6wNUBZNWFxdUGof6vkaykE
18,5qN4HFkapdAOV94XPryVof
18,7lWUJpax919G4JdaFEVmCy
19,1UYj8qTWjneZJDVjUMwMub
19,1s9xuJxhYM0LdVqksjegcg
19,2IjyFRCRn8x1bEquOM3vxg
19,6fLVTVaHWaEfVKfEgbkf4D
19,6jDGDtQPC46pFqxph3qdbD
19,43PuMrRfbyyuz4QpZ3oAwN
19,4e8HMW0GzmlDWPoRA9romo
19,077OhUjy58qkjscrXjW696
19,4YlczVbgGVBpnAIWKVtElQ
19,62zFEHfAYl5kdHYOivj4BC
20,12k3pLHg78j1NfwKf9B1jf
20,4qvsNsA4gQKC9HLrmPC2Vx
20,043vxbUHxQErHDIe7zuC0O
20,1TEL6MlSSVLSdhOSddidlJ
20,5iyZwawawLjHYpX4MxUKVF
20,3rzgN5U6Q8EviM03LijE31
20,7D93pJcwymzaZx8WgBo2zG
20,57g9uWuZI1t822eLvEVQjn
20,2avKuMN2QXkaG9vvHa2JLt
20,1WvuZsXHaH2qNAtvrQY6SX
20,6HLZaECJKDjNE0jiGBeqxz
20,7aWiJeMyxxPEyjwvZyauAF
20,4ZOkfHC38nxSeSqzGE5HFr
20,6uENbhewy5FL4lQ0gRZWzD
20,2qtoRFCOEL1gRn5q9DJC7F
20,0VaeksJaXy5R1nvcTMh3Xk
20,0oaY19dUwZimIgzn3ZZLZO
20,3fO566xJgwxIa3qGCGBvIC
20,3A23InNJYFYmWTnT6SH0Oh
20,4z3EmveE8ibhBVKBlZvmjp
20,4e9eGQYsOiBcftrWXwsVco
20,3szf2z1Cy1QMrtHrbn8rz9
20,4XmQMFVOdI7dstMgmhThyJ
20,6ObpR8ek44tvWefQRcSo8K
20,1hjRhYpWyqDpPahmSlUTlc
20,2ctvdKmETyOzPb2GiJJT53
20,5kI4eCXXzyuIUXjQra0Cxi
20,4qUtC2BwFC154Ha8YQRrkk
20,550erGcdD9n6PnwxrvYqZT
20,0UQFOgOBiLzd7icv7pk0dm
20,6BYL7xCy4FSbqVu29akzPO
20,1rKQjUhF9zFJmuUotr3VkV
20,098ttCNmncrO4YvqWUNMvn
20,6LAicOLiCrHw0bmaLBDbC8
21,3ElI5xtTBJlYf5sFSiNbJD
21,01ppKlDRCmPpusO3yNrSRY
21,3HQztiNynPPCCuowUnKoVR
21,1ysAvOdJgUjc6CqOQxepaz
21,4nrTw6teGIWRvc929Ap2wM
21,0fv2KH6hac06J86hBUTcSf
21,1R0a2iXumgCiFb7HEZ7gUE
21,4SZhxF0sIS8nDvwhT0Tt2V
21,39fD0qvjgk8RarJnoBiDTx
21,1xwAWUI6Dj0WGC3KiUPN0O
21,0FfqyjhB6Kspvit1oOo7ax
21,1QoyuMHNBe7lg3YW4Qtll4
21,63JXZZRbmzooashakb0zbu
22,0qMNPhpRzbghJy6G3SgRag
23,2SJf7W18D1AEpr8L9ATu0c
23,50kjUO9iWqTamrb3va05hu
23,2LGdO5MtFdyphi2EihANZG
23,58YL9Jo1T0wyijCOZWRmyL
23,6jDT7DB6k0psPX0nWNDI1K
23,3mXxKFehajiV2TiL8n8DwA
23,4MzXwWMhyBbmu6hOcLVD49
23,0phoKTAvwe0pL1yBdKIucn
23,6EIyZEtL8Iky8hvxje1dDE
23,1cQQB9z7fNQQ2VzSkslt7Y
23,7isAYELhhKBIdffQS1wMbB
23,7wEs4bYaStkU6SsLZWaXH0
23,3CPeWqqaHR0hmyfsWhMJQs
23,64zQbQTwu4ppBEfWyhst9t
23,5xbrhx2tMMcN68IT3cJbhS
23,2K9Ovn1o2bTGqbsABGC6m3
23,5d0JL7ZEMxyHFpgCuX63p1
23,3Lfiu5sZ4M4B6JaKMBc0FU
23,0eBFgRxyVSeuT4iyrbukdn
23,5CZ40GBx1sQ9agT82CLQCT
23,73D5hBkiVZkopZrmBZTBWf
23,3eXD0T03uagqzxzzX1vQbh
23,2HRgqmZQC0MC7GeNuDIXHN
23,4KYS9GK68yeuUJ8vJfPxrq
23,4MUrUT38U98olfnyzMBCzm
23,60eVCXFCuw1WYswBuNZc4H
23,2cm5JHPVzXyrWPtIZZi1Gh
23,6IfPyMb0Sxptpx6jBUATOS
23,4oeaIftdpT3JuZLcCkKmVE
23,2xxb5zW09uwbgyLprALi9E
23,0l0vcZMU7AOeQmUIREoI2U
23,61xjj1xvLBn43Jn2E3RzbB
23,72qABvaqn3TP6drO2tByA6
23,3HqcNJdZ2seoGxhn0wVNDK
23,7vS3Y0IKjde7Xg85LWIEdP
23,0ATvyYvMH3Wlh1O4t0mwdg
23,2Y0wPrPQBrGhoLn14xRYCG
23,5ypYDzYwSpfQxUrr2Pkf5A
24,0q2zGICTMJ3ZAZX0r2RLNH
24,6K07Ahf6V7CAQn0ikrOztl
24,5BBbGE48S2ufVEfAJgit0A
24,31YexNcOMVSFTEDGmQusSI
24,1V15l05snHYHYVxerjMFGo
24,1dUHF4RyMmMTveJ0Rby6Xm
24,4SZepBIPDRwPaHIjAKwRDb
24,7qjZnBKE73H4Oxkopwulqe
24,16GUMo6u3D2qo9a19AkYct
24,3H0a65Ckefe6FA4kSMZ3D7
24,6f8wbdo8KU5ETWJA7lapgS
24,4YSOlJJoFu4vfZYJUiewl9
24,0G6SfvXZcPxKe931dS0LwB
24,5ONOlTiqymhzwcFjqcIT6E
24,0k0vFacOHNuArLWMiH60p7
24,4B0JvthVoAAuygILe3n4Bs
24,2Xnv3GntqbBH1juvUYSpHG
24,234urkhwYweGoBUxbi4jj8
24,07nH4ifBxUB4lZcsf44Brn
24,6OG05bPAwUuV3OMvy2Vy1P
24,7wJkgAZNkRMQz1FOMS5z6Y
24,5AGQSF0ytihJyt96K5vW9d
24,4K06PO78fW4mnBVenxGNob
24,2Kt1XplPBQBsDKQDa6TssB
24,22Sh5dlwbERqJAq1fZk5b2
24,4CjuGBDMwSDpjzWtWINN5g
24,2iuZJX9X9P0GKaE93xcPjk
24,6Q9IUoBTNLHgBib1FSFGbj
24,2OAcH9SD8ehxuG0tWNe0cU
24,2Jfsw01CDT5XetSFROs9v5
24,2jfxh4Rh0IVnoh8052SeQe
24,1xtw1krCR6Dw2KwkXw5z63
24,4ZT0wGKwlJRjpMUuwZVy3p
24,0S0pOwYmfbzGgQBYnL9U1j
24,0L5gFNrzHyh4OhMwEz6DGS
24,6k7vV1OGewIoqEmUg3L7Am
24,6ocbgoVGwYJhOv1GgI9NsF
24,1ZyudLFv35SRvY5SvTZqJx
24,1I55Ea0zVoSKs6MqW7DQ3i
24,1fOkmYW3ZFkkjIdOZSf596
24,2RttW7RAu5nOAfq6YFvApB
24,30raivfq7rSt5nKltiHfzG
24,4sLvxpKLvagQ4lZHUpymza
24,7CZyCXKG6d5ALeq41sLzbw
24,1xofPJhZcfJCc66P1UAh28
24,2nibvvDdAQkVraYP00z2RS
25,42z5BOO8cJda4qWBnHFLQV
25,28heol5hhOGj6KYbJrRteJ
25,7snQQk1zcKl8gZ92AnueZW
25,2nZ33CKRbgpJQJJQKHuGXb
25,2H3wWrnO758y0fPH7Ilerg
25,51YOvMn0xShoUKDdPecFbb
25,3Vg7nPYlOrCkcV1abKbRQ1
25,0AS63m1wHv9n4VVRizK6Hc
25,5PXJtvL22ZCxvXilaqCwxA
25,3iW3y326xuRpNVXzOMBZy5
25,2n9fC0A4ptmWqYeMXEVaok
25,5wPyd3IQAZft1vmxoIqGrU
25,0pMUgJwp0a7Wxypy8xfmMO
25,0VCaMojESxrxingY2tNS4Q
25,6rBsmp96jxTRpFqQEfxAdY
25,6HLZaECJKDjNE0jiGBeqxz
25,6Nf6DFVm0O9yLJC9N13RYL
25,637oNhilCI9UlkWkUW4Grt
25,2cBtsB7Pi89q9yWk59a2sX
25,19Shlms2uTnOjIUg50TXzd
25,01BDK4Skxzh5mqnTbQzWGy
25,3zTnSPti5JjNsowJH4SS3u
25,1RzjXhgnzqb3dMa5852itx
25,0tMSssfxAL2oV8Vri0mFHE
25,1whs2eO84P6NRtmDQN2YTl
25,4E0Qaiv0Fqm2DnIdigQTod
25,2pMPWE7PJH1PizfgGRMnR9
25,5BoOzegGrg5XFRR8UBDtkF
25,363cVHJDjrYIkN5HcIAGCx
25,0MRZ9nMoLc7qQ8Nhovv8C8
25,6RZmhpvukfyeSURhf4kZ0d
25,6u7gmPOz7pzzaeR9xSBpsR
25,6VfL3MEuYeJbDlD8m011HR
25,0xyWkRMb09qdCDhloehCsi
25,06FCvd7rrRcF3DdvWH5Isp
25,3Lfiu5sZ4M4B6JaKMBc0FU
25,6ok4IyXcJQekEeSlBjcI9Y
25,7v9Q0dAb9t7h8gJOkcJHay
26,1zkXUXNHpYQTcXZAaZbeEp
26,0syXbGoFZbTMXm8hGCEvW0
26,2TeLIzFBe3hxkPR5FIQZut
26,6xcz5MXwY36hItZg5PZj78
26,4FI0rdztOAYJZMupujL5Gp
26,5HU2B0yEnvg5EUB8FWeoda
26,5VQpJ2AY2iMzrRZKgcvNjh
27,424qpX6swdUdhLq95cecNu
27,51BaWtK7IDX3CaxlmQQ3Lo
27,1tV1G9juUCSNEDdVhCaWKh
27,1Yk0cQdMLx5RzzFTYwmuld
27,0ZmkjefPVLvloVSgtmRu5M
27,20BFo9REyGdCxrlPmD3xph
27,7wL7Lb8Q3aYyq6gmRL0PZq
27,5e574bhjycX1eH2l4Auage
27,5KtvumPgVZmt8wg9xONE0T
27,48DKpTEVJ2pAjxQbWTad3q
27,6GmkJJMe9U1tEcrJ3Hq3A1
27,098ttCNmncrO4YvqWUNMvn
27,4r9jkMEnArtWGH2rL2FZl0
27,0KKkJNfGyhkQ5aFogxQAPU
27,4cgjA7B4fJBHyB9Ya2bu0t
27,4AcIVgQDyBdLtfJyho29Mj
27,4RtlhOoWNO5ReUwdmTdTcG
27,1ko2NuvWlQdxtNRc8QQzmT
27,5UgsZiYk1lkEobuPHmRtWm
27,10nyNJ6zNy2YVYLrcwLccB
27,7J1uxwnxfQLu4APicE5Rnj
27,1ne7JVHEPnoncXzQunQVKW
27,6jypaMkKsoc5npsVzxhksl
27,26QApq0cuO9brJigr0C0W4
28,0UQFOgOBiLzd7icv7pk0dm
28,0UvZcEfpzVyx47QsRbjyBz
28,0NdEdsXS9jbX1hnufawZ0z
28,2ohegz9maxzroKBu9YhcCM
28,5RubKOuDoPn5Kj5TLVxSxY
28,5IhzJOXNE7ki0IIJbZbnGq
28,01ppKlDRCmPpusO3yNrSRY
28,7yRlmQTjZ5pdtlq7ska9mj
28,42m3eP1JJhtzffal9B136J
28,5WFJ17ke5ldHuM0X3J5ddz
28,1KcOU0q9AMXV9xi4tSzzCc
28,2XILlcy7137nRpVHDGEttO
28,2sdarYql1R0GAdFsdb4LDM
28,6VzcQuzTNTMFnJ6rBSaLH9
28,0blbSxZHy1pPxAB2ZZLx9E
28,2qYIFDagoAenwAoLeS9FNr
28,2SdSb9Pj6hRmSbHolclgg6
28,5tyMJlMqaggzvuX7TtlrTe
28,5kqNIqFjijuzvVLhuY9B8j
28,6SRsiMl7w1USE4mFqrOhHC
28,66hayvUbTotekKU3H4ta1f
28,62zFEHfAYl5kdHYOivj4BC
28,5DFQ3iQrX9HMzvzi1ow9ES
28,2IOFZdYYkFxEHVz1w34PoL
28,6nrSo5ZWhsai0oeX257rRF
28,00syWkRGIVQvYsg2OwfBUw
28,60Mq4EumvcSXznNugo9Op3
29,69NnTEyKAVgSAw1pNj683x
29,0cDTCma0cfyXGhOdjD5rnj
29,5i6V88QD3nt9at4915JISY
29,7bHT9osSq1rwT2yaImzqCi
29,2sdXCmHMlKDx7lQdeXTELW
29,1VMBapbhHidf6ALFszT7w1
29,28qWjMf2SlziunHhXj2jx5
29,23d8v6tU6lR77pFKsApMtF
29,3qNfOiidqKXXNcGrY47Uql
29,00syWkRGIVQvYsg2OwfBUw
29,6Xb2iLlSfxsvOjM3J5y0dD
29,07NxDD1iKCHbAldceD7QLP
29,4s76r7AbquJcTccqJiqdVu
29,0R7YVi7w41Dr9jU5vblAok
29,51A8eKvvZz9uydvIZ7xRSV
29,49iNhnDmNnHYxPvEIVtPiN
29,7wBThXx7BGZHJJ3aN3OPvv
29,7j7MArN6cotJVlbn5HOQ1t
29,0PcqxbDALEHfw0kAHWlpll
29,1K4iYHWQDC277dYkMbYoqU
29,6RZmhpvukfyeSURhf4kZ0d
29,53v2u51nq3CxiKUNphRzP1
29,3a8cAWPzyD3xv1hCNR4f74
29,4eumFsTnduH3zRfaASoAPs
29,0MrRAUcB8AZiB9ue2VOBYe
29,7GeTsDIc5ykNB6lORO6Cee
29,2k6hpKTyubRVOmQR11ViY3
29,0DWdj2oZMBFSzRsi2Cvfzf
29,0M7oki70AV10Ztt3HyUd8Z
29,5mHdCZtVyb4DcJw8799hZp
29,4H7WNRErSbONkM06blBoGc
29,4BGZF4oLbTL0pWm7C18pbv
29,5Nz7hI3cCOHmMR4vSLJ1An
29,5USsRaiqL1RNKRm1fTJ3JM
29,7FOgcfdz9Nx5V9lCNXdBYv
30,2TEQvxxQabwLQMqWMg1qGu
30,2j1pS3652hBdC3UtR16YzP
30,0OG0qjJ9gN85kWZtIzW5uS
30,6DEMMeWXfmFAXgDUMMzeg6
30,2xwwY0EN7dtnXzMU8xRDxX
30,6XXKB32Om6WuXg3uEWwTob
30,5vUwvYW5fpHrwHfirVpkHn
30,4Dvkj6JhhA12EX05fT7y2e
30,4Pqli6waH1jw7y5DluZnBh
30,5fHrHoJKfCgBd35zwIBmUK
30,22thNommTAqjV4qHVENVd8
30,0An16OW2kcW8h9ij5cyM9a
30,1E5Xu8dur0fAjSP1VpVhAZ
30,2MBD2rikcUyn5ezfOTwWI4
30,65OIh4xcmjZFFXNvp7NAml
30,2l9pyINnwqcjuLTN9vTEFV
30,1whs2eO84P6NRtmDQN2YTl
30,77sMIMlNaSURUAXq5coCxE
30,4nfBoZILdIwgBZTMyVHPCF
30,4uzUuDjoufcBXYZ27CsLIF
30,1SK2Xrd3XvqASmuNuN9ccM
30,0xyWkRMb09qdCDhloehCsi
30,5jZ32WOU7sqzDYbzINwMUk
30,2EqlS6tkEnglzr7tkKAAYD
30,2L6pMQRcT6aM0Lq5FycBke
30,5pHJv0bgNsT9nPoK2BjNBn
31,0KRMp8ZfDguS9wiZiOiuAk
31,1KL0yUBT1U2PfVUWIhWL7l
31,0wgOhYnqZKjOHr6bmdz0aN
31,25jgQBxuUkGDdCG1WGKKN9
31,5G2f63n7IPVPPjfNIGih7Q
31,0To1HWIDce0JUJbJMZno0W
31,08OPqLv99g8avzmxQepmiw
31,0y9uTzK9cNKSAEHnpeRG8C
31,4QMgEffJQuKtjCNvqfRZ0m
31,5g1vtHqi9uV7xtYeCcFOBx
31,2cBtsB7Pi89q9yWk59a2sX
31,5RePVWy39tLpHH0WwXgBsK
31,6zzdyvVWjGrQBraSvuqJPY
31,3jjujdWJ72nww5eGnfs2E7
31,6nrSo5ZWhsai0oeX257rRF
31,6i5fDaCzwxRrZtuvvcqoIf
31,4e3ZNTAV6PCrdYMUrUlMpQ
31,6pZHZndlo57dPCYnvlYFOE
31,4Na2HfNSr58chvfX69fy36
31,7CCuorx4vpWM7zdoDlvtdu
31,2avmc6AW7RbsYOC77jJhmi
31,52RK8UVEDgUAgpecOpTQM3
31,2a4iE4k1IkIswThuJ3ROsw
31,142PiXzA84lmEw2RstFHFa
31,5JAYDuLRkODlVt6dgoalKk
31,31bsuKDOzFGzBAoXxtnAJm
31,78YTl0P96kBCBXUSzKoqAm
31,5iyE2d4U3Vc5cqY9mPTlpy
31,09LrGvT9KsACH66RHYMDyR
31,31VOknKjFrEX47bZXzqcoF
31,6aKjPT3NM94A1PFzjbOg5Q
31,1iatZzgryaJh79PNFq2bi8
31,2xGjfbXZnI8uQDhukoQURQ
31,0q2zGICTMJ3ZAZX0r2RLNH
31,5cfsQZEFf1IpQr8F9vI9le
31,05mDaV9Vb3wrzjF6OPZnhq
31,3YUMWmx8EJq0DurfuIwoGh
31,2NmaDAnnP9zspaHLc5aSjb
31,2jfxh4Rh0IVnoh8052SeQe
31,5XMkENs3GfeRza8MfVAhjK
31,285pBltuF7vW8TeWk8hdRR
31,1tTEcJKC5uAtIoPrWCkmXZ
31,1qaWM3wK6aZZALpAPVdZ6D
31,2Hh3ETdQKrmSI3QS0hme7g
31,4fP4xTSBli3tKck172LEZ4
31,4iDaYVSL0zwFLacCt0F7h9
31,5H25xsIuRWUI8GwcoAoeSG
31,0GDuL9TCO41PgsrKWBSGlm
32,1f1v2sHXpFFtjxB8KVKypW
32,3w3y8KPTfNeOKPiqUTakBh
32,22f5gVlJXlTRSCezQDISFn
32,31xPPj5N9M2FxAf7raygym
32,0wfbD5rAksdXUzRvMfM3x5
32,775hCSePn3GW4h9nZ636kq
32,38GBNKZUhfBkk3oNlWzRYd
32,1hR8BSuEqPCCZfv93zzzz9
32,0RZuCBV900eNA2FXCQ3uUM
32,4lhqb6JvbHId48OUJGwymk
32,5drW6PGRxkE6MxttzVLNk5
32,2aJnyNu4PQxQ2lyj5boiMG
32,0TO0JzcSvrR932muxU9I5O
32,0rQtoQXQfwpDW0c7Fw1NeM
32,4H6s1mTZcjHAMU36ZF3Xoz
32,4QzublfsJid9WfyzcHSU98
32,4tyjNEHKos3lZPYAfTiMKH
32,7g4kv8dGaR8mHjxL2WP9ej
32,6X29iaaazwho3ab7GNue5r
32,1whs2eO84P6NRtmDQN2YTl
32,24BNgrtp6Fag4M5BQPEgsV
32,7KZ5MMVgBVox9ycroB2UrI
32,3zMDGj4D8ogaYgAIZPeU7S
32,2afCBiru10AFckfOa49wIa
32,6YUTL4dYpB9xZO5qExPf05
32,3Nl5OkkmS5DaBZvuYofpAt
32,2nvC4i2aMo4CzRjRflysah
32,5dxgZCSp8CDx4WS9CQWYQG
32,3G5iN5QBqMeXx3uZPy8tgB
32,1YM6c2sxbf2Jacl9IFgn4I
32,0YkUwXxnTkeJBvt5upeEtP
32,5hVghJ4KaYES3BFUATCYn0
32,4PPgUdOaHiGBEswMhwSziB
32,3ee8Jmje8o58CHK66QrVC2
33,5VQpJ2AY2iMzrRZKgcvNjh
33,4waPZF96vX1Oz5pzH6dB0h
33,2Z8WuEywRWYTKe1NybPQEW
33,7bJ4mu7MHa3rHiNyKjOoSl
33,1ShkiUGko94e4BW5fEnxxw
33,58TaFP5j5i9swOf584yon2
33,07UFnnK3uPIuKv5Rs9TmXl
33,4Na2HfNSr58chvfX69fy36
33,4qzoHxgp42ylb18ga1SWTL
33,1f1wT6Q7Buxb3OD0BqMW8O
33,708yXS1fLm1gAXFyIQxtX2
33,6b6qi0ObycTK8hdrkgU21Y
33,5JBVrYNpJEa7eyG0E8UMvX
33,4XF9fk0STp9hx8xn5Suwpz
33,3YkNIrAvbKNrrwwEd7NVLl
33,25jgQBxuUkGDdCG1WGKKN9
33,0qtK3XwbuG153dmwB8iepL
33,2KLwPaRDOB87XOYAT2fgxh
33,5ilpRHgszXJDARe4oojtat
33,3bp0Zuc7LMxgjqsQ6q3E8y
33,2v1ivOOsgn64g5OywuH55L
33,3yBx8j3hVNawnmlrBf3EHR
33,6RRNNciQGZEXnqk8SQ9yv5
33,1XewSNzDnNkkNbEBnb0v9B
33,1yeB8MUNeLo9Ek1UEpsyz6
33,6Qtngx8oTu8BEfasSIhpEY
33,1ZemPoaj7LBj1RAQrb89EC
33,5eVG50IlyjSevPsWnSI76r
33,17phhZDn6oGtzMe56NuWvj
33,3z92w2yRpuxxlR11EfJye3
33,6mxNtI7ZsCI0DySBPUH22p
33,1Zai5UJ2di3qEuR2HeT2s8
33,3bUpRf4GN6SV6ejgQ4IQxT
33,1SK2Xrd3XvqASmuNuN9ccM
33,6jDGDtQPC46pFqxph3qdbD
33,1UMXtudajhlocMzXVSngDU
33,2qLyo5FeWquE7HBUbcVnEy
33,4Lojbtk7XNMdSKRHSFbdkm
34,01QdEx6kFr78ZejhQtWR5m
34,0QbzR4Li7d8LrADxqS2Jto
34,6lrDckuosGpwEHtm1hHBcf
34,4Xpt2bVLKFvlL5agz7cBTj
35,3H0a65Ckefe6FA4kSMZ3D7
35,0Thqjtu54vKMP06pwZkAWp
35,4u4gi3VbzXQopL8VatxoPV
35,23luOrEVHMfoX0AhfbQuS6
35,5chnRTB9qMK3W1M41SnU9s
35,3dl8bSF08LQfCf4T6CCksf
35,1xYpVRspgaLxdJLOTQkTjg
35,0MRZ9nMoLc7qQ8Nhovv8C8
35,5NU40QTlXrDUJzDBdv79bg
35,7JJmb5XwzOO8jgpou264Ml
35,2BHSRlGgJwzTPfYvAax28m
35,51A8eKvvZz9uydvIZ7xRSV
35,3Lfiu5sZ4M4B6JaKMBc0FU
35,3GCdLUSnKSMJhs4Tj6CV3s
35,0gTRROuntlrPQ64W3J2Etv
35,2LGdO5MtFdyphi2EihANZG
35,14GjTzurOPyaxusQvJxokJ
35,4TlZtoFcV9fKSxs3RVy9Td
35,51YOvMn0xShoUKDdPecFbb
35,31tjImR06JCJswXViIvFuk
35,0dyWQoMOU9oERL6c9vxtRp
35,0bkV1iQHSxBaksUqgEkcbc
35,5VcZAOKJCIys1mTgkpd6FV
35,0GnNHCDj2WOJl70UUcvAEP
35,6i2XzqnaxvpNVTUw8EjPMU
35,46tv0OqV2s15z2Jvb2E1fe
35,1j9rezdE3YeC7yktZXC1em
35,0u35Dpz37TY2M2j20RUdMf
35,78OTnBQndIIfCswsAIBNFs
35,4Tn2llBm1g0UlWctmgPL8Z
35,4oeaIftdpT3JuZLcCkKmVE
35,75kMrDKPJJpgEQaXVh7QMB
35,43zdsphuZLzwA9k4DJhU0I
35,759ndr57jb0URg4j9YSWml
35,0p5UWw5wVyzPOgCIx5T0tn
35,1TZgdopOZCUxpS5bp1i0Zz
36,24BNgrtp6Fag4M5BQPEgsV
36,6WqKdBOuiFSWtjUoy7q8Bi
36,44c9MsAwxoAdAYpCVRBAG1
36,2CYVETnhM9aytqrazYYwrK
36,6r6nVev0MaoHIPrBGU9x4V
36,4yjeRuoVickg1G87LWeRes
36,6aMMil1xvOQHF3rqC7gsbI
36,72cGBEqu7RitIOoACXYjfR
36,57ELn9TPDIhrpl0dasS465
36,25KybV9BOUlvcnv7nN3Pyo
36,4T652DlATVHe0jdLKaN3Bw
36,08fa9LFcFBTcilB3iq2e2A
36,31tjImR06JCJswXViIvFuk
36,4SZepBIPDRwPaHIjAKwRDb
36,7Jk86fYuucnJRzp3XlYK4C
36,21B4gaTWnTkuSh77iWEXdS
36,21IVPfi81m6ywNgOvqTj1i
36,5Qya13gFXqupr4sSmZMKDg
36,0HasfWMrNxTjycDy9TkRtA
36,1oPhkzw5Jt2izQmKj7CkVO
36,5i6V88QD3nt9at4915JISY
36,2SXG2Vmtn4S1lsbQkuWKBS
36,4NoOpkVBJsRB2YTiP9vRJD
36,0E3e4EZKheJbBbisNcSR1c
36,7bHT9osSq1rwT2yaImzqCi
36,7rQNTHKdi50NLDzFoIDhaG
36,6kfn5XxnspnDZkQzwCqyyA
36,1wthp2KAndNsDPZxEGVNKK
36,0KQ4DeYVWAoIDDGGxHEKQo
36,2cZrrQMjB63c0iIugYH9zS
36,5nayhWICkQGMTkisxVMbRw
36,328p9YLeNTjWUnL6qCXqmv
36,4IiHCtnfw8tZasAeocWqVe
36,0jaN95G1TyZazGxQvYwib8
36,5hzoEKZvvov9EKzrx419Ys
36,2fuYa3Lx06QQJAm0MjztKr
36,1NeLwFETswx8Fzxl2AFl91
36,45pUWUeEWGoSdH6UF162G8
36,2XlHu0HcujBCkWMdIAvrqt
36,0dcMqjeDpwqB2xhzMsld0p
36,6RcAHyC5sAUIbPTkhOQwd8
36,2rPSFKzGeqUWwfcCFVkkq3
36,4Wos0h9ECU2Z3oJMTQxpbc
36,7ijyGfG4NxMBobHgvu4lIM
36,0YbFEoJi7Esa7lhIrEpBjl
37,12dBXUbgyQdYv8TOVQubLw
37,6k7vV1OGewIoqEmUg3L7Am
37,4CSYU9jlZC2hP4F6RtWkfz
37,0OnUUuGpREQgkTR55LMwfZ
37,1aThn8Pk8zRzGGPClZe9Oq
37,4qUijfYU8EoIWiY6oSyrgT
37,6rjtB7KSIiJ6v9vrACMlqF
37,5gGz4XkNZV335nYgs34Ro7
37,21PQHLrBFov0x9HaD3ZQ7B
37,5Qv2Nby1xTr9pQyjkrc94J
37,0xxzdAyWcJNHdVDDuHq1qS
37,787rCZF9i4L1cXGMkdyIk4
37,0bCCMwWTaYOcQ4v8EeEYmd
37,2BcMwX1MPV6ZHP4tUT9uq6
37,5P3yUXUC9rZPJPNmYGKEAz
37,31xPPj5N9M2FxAf7raygym
37,3swc6WTsr7rl9DqQKQA55C
37,1mKNJs35ede94bTPWveVOo
37,7Ca5yTC81P0AtRnNKHKzwJ
37,0KQ4DeYVWAoIDDGGxHEKQo
37,2DXK0YNGSqnaIEX5iaSIoK
37,09LrGvT9KsACH66RHYMDyR
37,3XF5xLJHOQQRbWya6hBp7d
37,4sLvxpKLvagQ4lZHUpymza
37,25jgQBxuUkGDdCG1WGKKN9
37,7eOuUmpnHBlg5zsm8Cs7c3
37,5VP1yXviUwA0KA0ewit5pe
37,6AtZLIzUINvExIUy4QhdjP
37,1ZycJRpLOazlLcoFGxGROO
37,4st6K8nGBjANh0mKNvOpnt
37,2fXwCWkh6YG5zU1IyvQrbs
37,15JRvf02KKGHKgC31jrpuh
37,7g4kv8dGaR8mHjxL2WP9ej
37,15joiMls8SpP1VtGivYh6i
37,0WdR2AyLW1Drd3OUdwezM0
37,51sN3VDJBVmKJVgp0trc7M
37,7Jd5LgnSRQElW6FsTWVPzE
37,21aD24K6JOf0F0qx6HJ0dy
37,0wavGRldH0AWyu2zvTz8zb
38,1a3X8Y882vwSnlnHqf9ztF
38,3RIgHHpnFKj5Rni1shokDj
38,7KokYm8cMIXCsGVmUvKtqf
38,5KXp9E22MHunsS4W4PNBUf
38,74fpNVAJrKGQuqHETi4WSt
38,6Xgq7MvZiet0hVi3KaDSgJ
38,4HWDNZ1i6gyzu9tUbNhC2C
38,5H3B1WtZYGmyOYOXgQltKU
38,76f1K9hyG4j9Mny8mfgmtw
38,1dosSsKwYF7hoQA2kuu6wI
38,4nwjvcUjV7cexhwA40Bh5i
38,2Pve7muUYsaynWb9hL8CMb
38,5OFi9CIyD6s1oENyHapK2W
38,3dtBVBClM5ms0qCBBrqpUb
38,77sMIMlNaSURUAXq5coCxE
38,43P5sm3VJt3zLUhDk9kDDB
38,39u2PsqrAZpZ0KPx6CjasV
38,5qRt4howTYyg3XzSNySKO8
38,4d4ZXH4dr5bYfgErHiZCX2
38,0suLngfo7rJoetk7Ub6N8l
38,4tgKstWpyU8mtWVQp7ojbM
38,0fonaf88IEDQM309zmU80L
38,0N5zjRnf8AreOm95iSBXF4
38,2Na0z2gfN67Rzf0vp74Wi3
38,3NxAG2ni1lLa8RKL6a0INc
38,38kjFXYgPvtuXCPbHPMGte
38,4Pqli6waH1jw7y5DluZnBh
38,05aZ9sAU1YXndHv0FMi9iW
39,3gnBcl5KRYTzIQyCOQug6F
39,1nW0lHGLpE1iQDP5Nvt3x1
39,5TB6QgrF0RPIxSCGfRDLoe
39,2uP6t2J5MEwhr9rDkAAzwh
39,492PZFHvGTm3RZZYeeUVWT
39,20MuVazoNMv6xjKPnRFOxG
39,0y9uTzK9cNKSAEHnpeRG8C
39,3S7HNKPakdwNEBFIVTL6dZ
39,2avmc6AW7RbsYOC77jJhmi
39,6Yqmv7XJLCrQEauMbPGZSw
39,5IP7Tk0LBy5AnBOgROSFUw
39,2dfHh7ECGxfNqZTQno09Vk
39,0336UwEBwBBao8uWCuugYr
39,6M0IsaUX4GNyto4niSegfI
39,3YUwEcQBXmHdsXSRr7BfMs
39,4OmFmE0fzcMG6g0Y8p4eSD
39,7rC5Pl8rQSX4myONQHYPBK
39,003vvx7Niy0yvhvHt4a68B
39,1MKOPZWwR9WAzlP2B6tn5o
39,4jfHNGbzF5EGAD3iET0lsd
39,363cVHJDjrYIkN5HcIAGCx
39,2CYVETnhM9aytqrazYYwrK
39,7KokYm8cMIXCsGVmUvKtqf
39,1y3bE5i57eUm3hfLAc7h08
39,161DnLWsx1i3u1JT05lzqU
39,23hieFLBMATmL2HseI2nBL
39,0q75NwOoFiARAVp4EXU4Bs
39,4tVVmShMF2PYdLqcejrsy2
39,4Y9Ge3i5r0vgFAZq653Yx3
39,6holGuk1jKHTdWyWBOZi8l
39,2J0NXdHr6MYvKDSxB7k3V2
39,3G7agPwWfcORnWCAGMDOpm
39,6h3tuNzfvZHyPPCSndsw2u
39,5vUwvYW5fpHrwHfirVpkHn
39,5EWMmyErW4NEeb7EUGfume
39,5AnZXEB5IVhU57cJdOtJeX
39,4BhwlQ9mTwhFGXpQvP9JTV
39,2a8yglXvNw07OWu4lO2ByG
39,51EC3I1nQXpec4gDk0mQyP
39,0a4SMs889NwP8oWI7Vemle
39,0qMNPhpRzbghJy6G3SgRag
39,5DV3lkwyIYRgAlunraSpOW
39,1IWDzlzjmhKZQp3dqXfv6W
39,0Ji9UonfwC90rbZ4IaQhOb
39,0otmDG441slQ7QYZUPgBcM
39,0EZMXJMWf0tLKRWwCiA6Sx
39,7tCuCjhxzjX2XCz4JiiAsp
39,4zfQER4owi8q6NL8Gg63Ya
40,0V75hy6x3cToema5BdJaj9
40,5uCax9HTNlzGybIStD3vDh
40,62zFEHfAYl5kdHYOivj4BC
40,4719foL6R25RSHSJ1shNaj
40,7iXF2W9vKmDoGAhlHdpyIa
40,6EBNDe7okfEut5WMf9tTIq
40,7lq4b3sYM9cYSnCMxCafKe
40,3K6U7TamNyVSWcFH8pCQHX
40,7rUnZkS1JeOUYt62TOELeh
40,2sQQoKCgurzsqcGpKXa8kp
40,0k1WUmIRnG3xU6fvvDVfRG
40,5cct9ToyRPLyfELg3JfWqx
40,2JlGo3jir6d0JLeYDvyPgh
40,7wTqEW5nrMhvyEhEyTnOMd
40,6dGnYIeXmHdcikdzNNDMm2
40,09LrGvT9KsACH66RHYMDyR
41,5HR7yfhSCeoOHRQN05XnZQ
41,0kHZ0qrGL9MohF9R8Uw77Y
41,5YNf9s8WE3iF33YaFNrgpa
41,6XUUAsbzqwhqtdC9wW61Jg
41,1dFnMC9NlHVUE4rlT5vr83
41,40sRwFjfrRnaTdYPJIg4CP
41,39fD0qvjgk8RarJnoBiDTx
41,11kDth1aKUEUMq9r1pqyds
41,3cPoiK69oQ1SdbB2j2ulGm
41,1iRIdATb1I276VdKK7JVAB
41,2J0TjDpiUlwgFRvVxtaLud
41,2CEf2gU5ZJamLXa3NrgAvA
41,243KxZULAjWO3KREpVHgOH
41,7EiUtdeoWcKqLi5ELZCjYf
41,2IjyFRCRn8x1bEquOM3vxg
41,5cbHlX6tKCCiz1jtVvkH5w
41,4356Typ82hUiFAynbLYbPn
41,0pEkK8MqbmGSX7fT8WLMbR
41,3S9i1ICfQjMmJYWbtnmN0f
41,4LwU4Vp6od3Sb08CsP99GC
41,0jyikFM0Umv0KlnrOEKtTG
41,64GT5ReOko7xx6Nc7D8JsS
41,4mmkhcEm1Ljy1U9nwtsxUo
41,2Eb7QQ5soJQBEYTfSb5BS6
41,0q75NwOoFiARAVp4EXU4Bs
41,7bHT9osSq1rwT2yaImzqCi
41,0SKJtq3JoXs7A3UjaNLKWJ
41,1HEwEN64NjgTaHmo7LfkX8
41,4RAOI1etsgbh5NP3T5R8rN
41,4WrkJNGb4zUwARc0FD3iNf
41,59D4DOkspUbWyMmbAPQkxZ
41,6dgUya35uo964z7GZXM07g
42,2Eb7QQ5soJQBEYTfSb5BS6
42,5oIVNm56t6OIf9ZjdEG3ud
42,7inCfDM4S3xsVzgOUqSJOH
42,4Yw8TyBm9J8cpy2guHUYog
42,28drn6tQo95MRvO0jQEo5C
42,0jyikFM0Umv0KlnrOEKtTG
42,1SGt65i9AnXYdDQt1AtDRH
42,2gkVEnpahpE3bQuvGuCpAV
42,4gXdMZkBN1neE9nX6yRALa
42,0ZNU020wNYvgW84iljPkPP
42,6s2yqZbiPNPL1B2IeCMsUA
42,3qrmvMrpP4JADQUk8AZZaL
42,5xhJmd0I15jFcEdqxfCzKk
42,76TjANw8kPHPJDv8X8chQp
42,4eSGSqP2TZvvX0kadZZttM
42,3F14hbIqy1JKKLTb1mzdYV
42,0TFTAtCYhp2tQ9KcJIZb55
42,6dGnYIeXmHdcikdzNNDMm2
42,7KDKBWgusjNgJXX2494v8u
42,2uTrdatngtB000duMrfbiV
42,2Sjx8DWZO5zaTyTAmgo2gY
42,3VzVwhsTODtBVyq1z56iVL
42,4Apb0ut2uTYIFxavAczqKd
42,6XUUAsbzqwhqtdC9wW61Jg
42,1CkPfZMwCeNid9kFTyVbXw
42,0nrRP2bk19rLc0orkWPQk2
42,1Tt5Leqvv6OawH2jth05Rw
42,2gJj6WtAxXjApMs3PXsCeX
42,7wL7Lb8Q3aYyq6gmRL0PZq
42,1mjAD7IYvI5UGiB7WnppMf
43,6V9kwssTrwkKT72imgowj9
43,77uA1aXQ0iwSzA39LnY3GO
43,6Zj3YsYfj8YTY9aGMDnpn8
43,6D8y7Bck8h11byRY88Pt2z
43,5cXg9IQS34FzLVdHhp7hu7
43,3NhstUmrlhaN1M6hP8zMbb
43,2wXioTynVwrEWYRv6R6vEj
43,4HIKcEKSijQLW5YNLsdLzt
43,5ASRwP2FXKRx90mlabM8cT
43,7zVDbw7EEqN1FMTQOfLS2p
43,3CPeWqqaHR0hmyfsWhMJQs
43,66P8MvPsqu5sN0UgzLYZrf
43,4UddKz4WBKn5b9tDB6tq2L
43,1tV1G9juUCSNEDdVhCaWKh
43,5T0mnzMsyHtmWB7Kou51Ph
44,0o4HD0mOtTiHSbycbg4IpT
44,2XXwLdtuAcE0HSCu61ijAb
44,3ElI5xtTBJlYf5sFSiNbJD
44,6vh4S1z08AjGipGAEsV62e
44,2cnV0IznTkVUtJayjyzSBl
44,41TXadM22OIJY04xSW9iuv
44,14boA065HMHWvqyPPEeN4y
44,6bsYXpygQTDRO48RtDRhGP
44,6dOtVTDdiauQNBQEDOtlAB
44,6g1B0hd6rlT3xP3mERUnz8
44,5O59s7bCgTFsXDXlWecyQ1
44,5WNYg3usc6H8N3MBEp4zVk
44,5F94xbz85nE6wfZGHqOMCG
44,6rjtB7KSIiJ6v9vrACMlqF
44,60Mq4EumvcSXznNugo9Op3
44,7y2mezWO3hkfyugI2s9WQp
44,15JINEqzVMv3SvJTAXAKED
44,0GnNHCDj2WOJl70UUcvAEP
44,7qxjGHW485TL8ciwkHD5MK
44,0iQPnK3bi7O27c5T2HBTdr
44,45wMBGri1PORPjM9PwFfrS
44,1yeB8MUNeLo9Ek1UEpsyz6
44,4ZNKaE8fcrtDPsRK8RkQIs
45,3Nl5OkkmS5DaBZvuYofpAt
45,1dekgAFF9uTCqLsklDaCWb
45,2qPQcfUgizNDOIv1orkTAd
45,4tgKstWpyU8mtWVQp7ojbM
45,1VZLEW5ZfcAbKZ94XQiSZF
45,0GMiRrUnQuoGddKMsxGPIZ
45,6bPSncBdjSuhvHXRF049F2
45,4CevWKebcrg0qzZCI6vu9c
45,1zZh6zTXcDgvN0C6S1G4gU
45,05GsNucq8Bngd9fnd4fRa0
45,7JVAVLkkhpKOp8g4jX5Z12
45,0DBYW9lHjTTz55gIt63IB9
45,482PEx8hfMHSsuGtHd960A
45,4UEuIEv9Wc3wtiWUplGJ7q
45,5Ve4qBYAThGLTOva0hhoTa
45,3ou9rSNUQnE7XYmJkUUIOc
45,00aqkszH1FdUiJJWvX6iEl
45,725fdnXEqS0Xs1sTvdNuHq
45,4snRyiaLyvTMui0hzp8MF7
45,76TjANw8kPHPJDv8X8chQp
45,6ehJSlppdOEGiY0B5mMv5m
45,15pyFQHCTVp6T7vaWctSgO
45,178OI1A3qjROeFeh8lmNwW
45,3OevAJaJmLNY1PKK1b18bz
45,5SIvP6TdWc9DNvKbENjnYc
45,2hiuiI3ac0I5kJWtkeGHEL
45,4PEE4636THWsrLS1ypND52
45,3CbAW3GjkBKfErt4LLbSzr
45,7tI8dRuH2Yc6RuoTjxo4dU
45,5dGVfomXd5Ncq05wQhHI47
45,3R1Vu4Ws7UitwDxDHTol0P
45,7a53HqqArd4b9NF4XAmlbI
45,5oEJyOsT68BDRwLoQQJl6W
45,06FCvd7rrRcF3DdvWH5Isp
45,2tudvzsrR56uom6smgOcSf
45,62c1RhroaeTVV7yGKBIBne
45,1xwAWUI6Dj0WGC3KiUPN0O
45,4gh0ZnHzaTMT1sDga7Ek0N
45,2wotylLBtyH2phGNhVhmUv
45,0nnwn7LWHCAu09jfuH1xTA
46,5b5cPscqVEMChvDqscVw26
46,46oDBddhwu0gfFr2z1fvh5
46,5hQSXkFgbxjZo9uCwd11so
46,651EWgRMSL0JI23zphNwKY
46,5OFi9CIyD6s1oENyHapK2W
46,5tPZxJzgR75cBrD9GyEVB4
46,1khmgu0pveJbkbpbkyvcQv
46,1SgdUjvppHnIp6L7DZSnwc
46,4lxaurdMyGkt1tOrdwRoVO
46,0xSF7iHZQxaZYMAiBfobms
46,0cLZboiFzp3rgYnPz33IJX
46,0yuAWlxq59xT3agQ965OxE
46,0syXbGoFZbTMXm8hGCEvW0
46,07Grx6opd6FcevHB0MG3r8
46,0E0DRHf5PfMeor0ZCwB3oT
46,05od2qm2MTSKCHxy1GBp5W
46,1dGr1c8CrMLDpV6mPbImSI
46,0GgN4MhR5GKn5IcKN0e0rG
46,1eLSF6HfrRA0AsNmTkUlKx
46,3KJ3opyV29269SXkPrc19l
46,0uukw2CgEIApv4IWAjXrBC
46,2bTRpIxPniQmrSgwmtF1b2
46,6SRsiMl7w1USE4mFqrOhHC
46,78YTl0P96kBCBXUSzKoqAm
46,2GLWhy9iiO1wrLUF5l4FtJ
46,7LSpFCvRZZot2AlmkUzy9k
46,3IHt4j5uAEl7iBu8Utn985
46,2hiuiI3ac0I5kJWtkeGHEL
46,42XcFis8b2Yesn6J06RyXP
46,2kZoOj1n5vk9BuF0sih58M
46,6PnluwP0fjGnpIBsqTdUTq
46,60Chx5sZxkUrADNOKaRU7h
47,2gKSQqtba0acZuweAtFfRd
47,4qmFC3Jz5aQ0erlk2OSi2X
47,3jUDqkHatwtprUmZ8epP8P
47,3XLJoMMM0oRHD4gHq6jV9Z
47,4ZPdLEztrlZqbJkgHNw54L
47,1lguQJjlNrIOoOylYVZN3M
47,3vd0wM0US4JSCKJi5Q8Bd6
47,11QNo3ld81pncy71q6VIic
47,6iiAfo4wTA2CVC3Uwx9uh8
47,3KA4tWDpwRnyYQOCw1Zop1
47,1bDbXMyjaUIooNwFE9wn0N
47,32iNr3J93tqFkxaMYwdRYi
47,5qfZRNjt2TkHEL12r3sDEU
47,69vlMrzHwATKzupwNcUPyK
47,3WQ5w7ruC3c861lHXF9Gs2
47,17wt2Rnlnn6jR6yGY5CcAV
47,4CevWKebcrg0qzZCI6vu9c
47,6lddee20NqgRXF6g4xrm2Q
47,1aThn8Pk8zRzGGPClZe9Oq
47,0O3TAouZE4vL9dM5SyxgvH
48,54FL6e96e4hOh5JT47kC4A
49,0Wik64zBKFTNoNjTpG70OH
49,3BzGBoR5Fuy1XmDcJ5jYEW
49,6FJemhBlVTGTCgrrrLam3D
49,3OY9NKwRfYqNNpeogsm5eR
49,3mRF0YNsDdFKFnxwg16hSz
49,261jWBGVjAGH4SuOEVLlvO
49,1pnDvUuAEd6z8bKEsbAjk1
49,5ExWCOYjZbMEZCIdlfH2dO
49,49FYlytm3dAAraYgpoJZux
49,07UFnnK3uPIuKv5Rs9TmXl
49,2HolBGR6tpiWI80MXoV1dJ
49,5gGz4XkNZV335nYgs34Ro7
49,2vgUijXOTRMnWXDtvgMp2b
49,6EUfOXUQtIAHKkBBOqMS2w
49,1UsQe17Ef7tV1ahFqHEFR3
49,0dj1CtyRxZ4bnIT4Q20jNT
49,4cLdpErILMO8Db8pQVAVcZ
49,6Y9HwT5bGpBjrY9gr9bN8e
49,3ZVFcD8Wlw9T9klGqmJf9F
49,2gGyGhrur9okI0UBIDXJEG
49,3z87a8YWdfBTWwrspCN4g8
49,4nZi6XNe36Ut4Nij3IQ1yC
49,4uzUuDjoufcBXYZ27CsLIF
49,2KGJmBU3OHPIsksbXK3qBN
49,1PDP7mLiAMwhfmgIwzhOm2
49,3Q4gttWQ6hxqWOa3tHoTNi
49,2sdarYql1R0GAdFsdb4LDM
49,0XkZmBCCcdMY0EPY8ij6Gb
49,4SehMwGDegMobZHK0ODaLw
49,2v0AG62ZHtD3I4YmTb3WYM
49,3adVVrcE2KS26OL4rYd27O
49,5UxEKpzvvLnjoC10XoogN3
49,1KuVEZR4xuQVNr1KkanAV4
49,2UFOh8iMQ2DON7sl3lqGJH
49,2PLo8T3kGE9URFvBy3tUdt
49,7qEUFOVcxRI19tbT68JcYK
49,1gvOEwQbIEjkpLdcZwtBoB
49,02ppMPbg1OtEdHgoPqoqju
50,6C6fHTuFUxVtJpBOOaMvJr
50,4OafepJy2teCjYJbvFE60J
50,3WlbeuhfRSqU7ylK2Ui5U7
50,19vrzibX1lFlT2V2ToVQkv
50,6vuPZX9fWESg5js2JFTQRJ
50,2pQoErkcTbLdQLnUtMYvuZ
50,50pJXx2ImZomgdmFUtIczx
50,3HVRZxCp3BWYuYe8L8BMNH
50,1s9xuJxhYM0LdVqksjegcg
50,7ucEkWU0SVy0XFdfXESgfY
50,7u6DMPznGbpziuEgCE0JGQ
50,4qUtC2BwFC154Ha8YQRrkk
50,0msrDPXxZpts4FRnoX0bFr
50,4c2xt1trwYZpMqPWY35Xi9
50,6MWoRt97mnSTXZhu3ggi9C
50,1ayV64ur8VWgc6OPtPRl1q
50,6eknHC7HjAKchl23x2A7dW
50,5RBYPXkSyitxHGKB0nXJoi
50,4e5IPJxSGVWPsaxQzdRseN
50,6dTA6y0C2ReQklntzZl8l3
50,0ILIuCVbnekvEFpQCWhP8a
50,0W0iAC1VGlB82PI6elxFYf
50,3rzgN5U6Q8EviM03LijE31
50,1YM6c2sxbf2Jacl9IFgn4I
50,4MZSqgwlE71CWZ6qQ3gkKm
50,43rA71bccXFGD4C8GOpIlN
50,2zUVG50rpba9Zt08lOevF5
50,2rRQYSgTCkLWFvMXYhEpfE
50,4yC3v03vIGfmV6Rag568mV
50,6pQadiopoIsS4x78tjSkJt
50,5WcsxoURbNjQPQvzKpHUMn
51,0TaLETmF6CvzLKukgBXERn
51,7E390nZTMqEbrNC1TmHd42
51,27356GVuMPFWiJSZCragoM
51,36d14hX8stlJCR0eG0Lh2b
51,2nqio0SfWg6gh2eCtfuMa5
51,4NqQaovM14WR2hNPMFxgjb
51,7AvprzMsRJpybaalckaT8c
51,5LJz7kmFhLqB53tmVWxig5
51,1cSFlSBdpT4F5vb1frQ231
51,22PMfvdz35fFKYnJyMn077
51,35YyxFpE0ZTOoqFx5bADW8
51,6O11gHhPCFNEFkEZYf3ilw
51,4oXg7xT4ksBxHTx8PcmSXw
51,6UjfByV1lDLW0SOVQA4NAi
51,0LtkAAEpEp1lkLX1ZvjHZb
51,4Flfb4fGscN9kXPOduQLrv
51,39u2PsqrAZpZ0KPx6CjasV
51,7Eg4LsQTM6QOqeCS8EihZI
51,0GAE689kVy7sFT2QWZH1Xa
51,2wAiFWjRupWmnDkQcu91MF
51,3yKIL7niCEJajKlVmMNBZA
51,4VAngYbLewVFpcLR9FpYfR
51,6taHwllEzlP3ckIoQ1CTmn
51,1WVunZLZM2zLTm5rAvKZkF
51,4fP4xTSBli3tKck172LEZ4
51,7rQNTHKdi50NLDzFoIDhaG
51,2tB9OFgAHjAds3cqquLlvp
51,73ktcMfFRcoXlednsDvH3X
51,7lXOqE38eCr979gp27O5wr
52,6K4Co1NQyOnoFEJMkZHkln
52,2CtaTmkRB7csW9XAZbWHDq
52,5IP7Tk0LBy5AnBOgROSFUw
52,1sRCCA27Ogwy3MUGeJsYa2
52,3Y1EvIgEVw51XtgNEgpz5c
52,3Wu1laMLkRxvDSB6zchkwf
52,6StwwqB84sJeLr7tZDTxEX
52,3yCbyUcF1Oq55rUH8VbzCc
52,4GDpPRKZA5GiCMWzwnm0ms
52,0tXFWZC3ZF44vgi0h2o4iI
52,2Iug43iQrHN8CbGsUd2tEt
52,1LomM3L6atrf79ZL7nHDp4
52,0IabpxMpUV7waD7U4uDIMJ
52,7Mts0OfPorF4iwOomvfqn1
52,7awwmuGslmuyhnlpFipDqk
52,7JVAVLkkhpKOp8g4jX5Z12
52,0oaY19dUwZimIgzn3ZZLZO
52,1ko2NuvWlQdxtNRc8QQzmT
52,1rQEgtQNsj63xIUzEmKbML
53,5VuxWXbt7XENQCtE9TzpTv
53,45wMBGri1PORPjM9PwFfrS
53,4e3ZNTAV6PCrdYMUrUlMpQ
53,6OaVWaGfhXn70ZJfdVcabn
53,0R6Jlsq25eZB3Wftpxi3oF
53,3T03rPwlL8NVk1yIaxeD8U
53,0lodMO0qK83vfPiiD7FMEt
53,4pcafPzLDSqQktqSpxHL3E
53,6eLwy79pxbjuT6dtJRyN2O
53,1a7onn7lPqqRWul5ogyMyX
53,7JgNAnCjJvL8hBR1kmCOFF
53,3nNmRE0DxHC6ZaKkrpUumS
53,7hynhxDoDpgMIV12JuVtNa
53,5USsRaiqL1RNKRm1fTJ3JM
53,4YUkUocIFAeZznwprEAsxM
53,4MjDJD8cW7iVeWInc2Bdyj
53,35YyxFpE0ZTOoqFx5bADW8
53,1GwMQaZz6Au3QLDbjbMdme
53,0VsEY4KImxFPv0y4v7YEq4
53,5W63Zcirj6bvnTxhVIKTSK
53,49FYlytm3dAAraYgpoJZux
53,1d5dIwX0QGabBASb3gI3VA
53,1jiFg1lHo4DezwMpR9ktwC
53,46aZJc0z1HHHSFxaIRxYSP
53,0fCwrjKfWxF3xQhZrYUw4T
53,3zupOUPEG7UHTXATfkZJKF
54,28HadeGsalBfbVfMEkCcF7
54,4JeD0FGslDsMeeahEGZa2L
54,1wa6QQsdSE3X2GbRljGpFk
54,2XjoHA58XD0t3qye8bYGU8
54,4T1iiabe7G0UjWQJCY6NE2
54,43Bcg5ckW8WchRzyPZA0u1
54,1Yk0cQdMLx5RzzFTYwmuld
54,2LvCnYNqj2nzP6VQAB1uZV
54,75n7mraeMycQOl2sDGYaTe
54,0InIeZW4P6VO7dUGRM4AKH
54,54xbcKFYv2PC6ujERHppRj
54,4Pqli6waH1jw7y5DluZnBh
54,21L1dVOTGhvAKvBXXnTIHj
54,1ko2NuvWlQdxtNRc8QQzmT
54,0KRMp8ZfDguS9wiZiOiuAk
54,5b4r2u2cTLeVNvbi2jCley
54,2PFqkLmTU9k5CNLN6jMMmr
54,1158ckiB5S4cpsdYHDB9IF
54,3pv7Q5v2dpdefwdWIvE7yH
54,2x3mwb96B6TquRqMtbxUE1
54,0zg5XJPiga7E5FxiehriG2
54,50vVMueaWOYOfyQUQKdaFq
54,6vuPZX9fWESg5js2JFTQRJ
54,5ePiRipYivQM29vGNr3S1a
54,3itgPtXSu4I9mr2QD6yrzP
54,53v2u51nq3CxiKUNphRzP1
54,5uYqmEN6TAAE8ss8YmprNV
54,5PFjKfGf75I3LkKGiReWp5
54,7y3xU9vEC1s8DSuuoSYKih
54,5cfsQZEFf1IpQr8F9vI9le
54,3Vi5XqYrmQgOYBajMWSvCi
54,0EgkVzDidmq4MP57jZFeik
54,4Gj2FtTNmem7NGEOYJs812
54,4UTizOdGljPIIbXtoXycAd
54,3LgWsmilsrWXiPYQFRD0T7
54,62zFEHfAYl5kdHYOivj4BC
54,34xTFwjPQ1dC6uJmleno7x
54,2K87XMYnUMqLcX3zvtAF4G
54,7KGwRAF99Ryell3B2T4DKy
54,4S4DVFQkLbfhZbGQxoRtPR
54,7aSvPfoqiM0zwPqupLGaHd
54,4ak9GGe6afmi2HbxEjvhIC
54,3iW3y326xuRpNVXzOMBZy5
54,0afhq8XCExXpqazXczTSve
54,4Of7rzpRpV1mWRbhp5rAqG
54,2oKoID9gumVTvPKuropmyS
54,4F6YLjakjqWFTgC5qfEwPQ
54,2JiHR4gCDjXwYVRDmwdk95
54,0Nf5R00C69TCMbVOSK09JC
55,0kHZ0qrGL9MohF9R8Uw77Y
55,5ixdmTpCmH5diBA1j154wN
55,63jUTfcbudnrqoPCC5Qp4i
55,7JzmCjvB6bk48JghLyrg8N
55,2BcMwX1MPV6ZHP4tUT9uq6
55,5oIVNm56t6OIf9ZjdEG3ud
55,0heeNYlwOGuUSe7TgUD27B
55,4gfrYDtaRmp6HPvN80V2ob
55,1hz7SRTGUNAtIQ46qiNv2p
55,5hzoEKZvvov9EKzrx419Ys
55,77B3y931wb0CllQ9mr2OTD
55,49la9sBOr2hm9T3CZibj22
55,3OY9NKwRfYqNNpeogsm5eR
55,2rMFawCg4BW65jzbwztXAV
55,5jZ32WOU7sqzDYbzINwMUk
55,7E5qtyFBvbyfNbHOTR42rs
55,6jbYpRPTEFl1HFKHk1IC0m
55,4cgjA7B4fJBHyB9Ya2bu0t
55,6T0sEnqjmHISIKwFETeeiP
55,1158ckiB5S4cpsdYHDB9IF
55,2NGGvVcfb2m2NbVaXHC3gb
55,3IP10QH1mHOCJMWuq8xjFy
55,4Msr8L0gHGDsLSBlk7pSPU
55,583dMdiUquLMenarTp7PQm
55,6PJ8FF6UR8FZXfEvpHkIVN
55,51Zw1cKDgkad0CXv23HCMU
55,2r7BPog74oaTG5shNYiUnV
55,5UHK1rtK4MpBGb0KppIYh4
55,1r3ONnWffOCrG983nwGrVz
55,0NwGC0v03ysCYINtg6ns58
55,0rx7xu0RmZLpJjKNVZjSVv
55,41TXadM22OIJY04xSW9iuv
55,3XRQT7EoS4U87rUuJwg5P3
55,4OmFmE0fzcMG6g0Y8p4eSD
56,6KfoDhO4XUWSbnyKjNp9c4
56,6QdwUxKYnMsTGaHP0kuq7T
56,2Ch7LmS7r2Gy2kc64wv3Bz
56,102YUQbYmwdBXS7jwamI90
56,0wps7rop5iHwBo0rQZ2g9A
56,3z6XUommYDWPHeFhmhhT6j
56,0WsC4ETIXyiHDMXRaPMvKe
57,5QJQzE25BlcBVs7TNtF3qi
57,6g1B0hd6rlT3xP3mERUnz8
57,6eN1f9KNmiWEhpE2RhQqB5
57,1RzjXhgnzqb3dMa5852itx
57,4qWCFTuNnmGNdY4egtb4ZY
57,1f1wT6Q7Buxb3OD0BqMW8O
57,5RePVWy39tLpHH0WwXgBsK
57,0l0vcZMU7AOeQmUIREoI2U
57,5gCg2qMPzKkW4jS4dBKdDs
57,7iQXYTyuG13aoeHxGG28Nh
57,2XILlcy7137nRpVHDGEttO
57,1ZvbLYAXwvMfaPtN65QF2D
57,6LUfuyLgvgqrykiTE6sJHY
57,4MUrUT38U98olfnyzMBCzm
57,234urkhwYweGoBUxbi4jj8
57,7MmG8p0F9N3C4AXdK6o6Eb
57,73D5hBkiVZkopZrmBZTBWf
57,6AX3i1TluzbvpJpKrY7NoD
57,0yuAWlxq59xT3agQ965OxE
57,1oGdVdYjeQvojGKDddxLQQ
57,53IRnAWx13PYmoVYtemUBS
57,5TCBWmEBrin7etRa4Lswr1
57,2Xnv3GntqbBH1juvUYSpHG
57,76kelNDs1ojicx1s6Urvck
57,21PQHLrBFov0x9HaD3ZQ7B
57,1JgkiUg9mSXSwcb5Gbi4Ur
57,6uiQ0DqbXTBc8tl0AUKZkR
57,7gMfVc4zfNIxuMyMGglOHa
57,0rQ4jfSsfazmTHWsTVvQek
57,0ESdtt9cjGZUkUbaubSrv2
57,4gPUnZW8IT1mmF9aj9NLF7
57,2k6hpKTyubRVOmQR11ViY3
58,3qNfOiidqKXXNcGrY47Uql
58,1jIirpaACmgb4nTYfywys4
58,4jgF1sLf3TkQbZkLHsc6SI
58,3ddJ8Vbc5tYPxq5zKRVke6
58,6QA2m3HgJaMF62jPguGMry
58,1A2vZKJZovt4828jwLgiB3
58,4gbVRS8gloEluzf0GzDOFc
58,2ye9iWj5V4g6k6HFeTTAKa
58,0ILIuCVbnekvEFpQCWhP8a
59,4FpfU1O7WCLBnmwu5XAFk4
59,0k0GtcnyQLMiXrdEDbLXmJ
59,5NwBOCI0trPlbtfocWrt2q
59,5VlCTpGdjw80KMurUUhT4Y
59,1aThn8Pk8zRzGGPClZe9Oq
59,1Pbxsj2tFPWFah3MRvlIx9
59,4s76r7AbquJcTccqJiqdVu
59,1NhjYYcYTRywc0di98xHxf
59,4qUtC2BwFC154Ha8YQRrkk
60,6MEDfjHxnVNcYmHe3mM6L2
60,2K9Ovn1o2bTGqbsABGC6m3
60,0ZZ4nTGGQrNlTDbr0iPS3k
60,6BnY0YochAURSXSR3d5N7O
60,3KCNiDi9Pza6ZD8FggNoaw
60,1m69ELEgE6k5ZWsap40ozt
60,5cbHlX6tKCCiz1jtVvkH5w
61,3HBZIY3FVzXu6YjhExNqWe
61,5QJQzE25BlcBVs7TNtF3qi
61,7fJuCt1TqIKpkKLPMUBXK7
61,5E30LdtzQTGqRvNd7l6kG5
61,6J7PIkhtHwmFjPLq0SyuPj
61,4YZbVct8l9MnAVIROnLQdx
61,3jA5KKyAh3RS07CHzyi0A2
61,2RwOqicYzwMSuzKzHx78jm
61,4zMxWSP2qZUy5CBCH5PdzZ
61,2pQoErkcTbLdQLnUtMYvuZ
61,4WLQVGtxD8eqDPMX2CiZlE
61,6vnfObZ4Ys70SBAtti1xZ9
62,5KLohKNLMLibqnG0FdmbvX
63,6wbbeA1FcbqXiJs7aIA8x7
63,1cROHCdUPenxfzElY6dC48
63,7AFASza1mXqntmGtbxXprO
63,0b4PmGxMzWWx7NMrLJwFRR
63,4jfHNGbzF5EGAD3iET0lsd
63,1Pmp486RrLRkaEkE3HFHXP
63,70LcF31zb1H0PyJoS1Sx1r
63,5oEJyOsT68BDRwLoQQJl6W
63,12yrm2FnFI9uaGrIaiAtvV
63,0z2bufPrU83RRPRaboj3B7
63,54xbcKFYv2PC6ujERHppRj
63,5673WA8EEUSPx1ir26lhGW
63,4adKhxS40S3YGVt31EQfqe
63,2yg9UN4eo5eMVJ7OB4RWj3
63,6bfJggd4HFdzHzvZLQ5EDX
63,27BgDmciSjoxTG0almHTpZ
63,3IznIgmXtrUaoPWpQTy5jB
63,6HjYE79OOCGEhkIRfXLqrz
63,5WxQEQJtrOYzobMBTsdPBb
63,6xGr4tVzpTX99p9Cf0hRRL
63,20hTkA9oKKuxghkRptRczS
63,5zSOVwaY3sVjnmLhuEfsuf
63,6jy9yJfgCsMHdu2Oz4BGKX
63,6pDVjCUA3B1vg9waKutAsv
63,7qEKqBCD2vE5vIBsrUitpD
63,2Gnsof1hvZzjE1xdLRpjtf
63,1MPulKrmSK9EW5IrawhdRs
63,0JP9xo3adEtGSdUEISiszL
63,1MgV7FIyNxIG7WzMRJV5HC
64,3bG0XMhDTUoMkAV2pFAbNb
64,2Hh3ETdQKrmSI3QS0hme7g
64,2fPvQfGQEZOKtJ9qXeL4x8
64,3PKIYbww0PvgEYXjakQe7n
64,4QhWbupniDd44EDtnh2bFJ
64,1Y66A5zH3iPOWCDIuSDQR5
64,0NRHj8hDwwmSPaA41o379r
64,20dP2DaMHIAmwWAbp7peSr
64,52RK8UVEDgUAgpecOpTQM3
64,1muR6CRm9uQ76HaJ7YBQaa
65,6BdYOvKVbLsNFg674QJbRF
65,4EDijkJdHBZZ0GwJ12iTAj
65,6pZHZndlo57dPCYnvlYFOE
65,6bybm83zbdf3mo4aWN7mKJ
65,3dVLKe2i0nZmtOBBWBw9j4
65,7c378mlmubSu7NGkLFa4sN
65,52ojopYMUzeNcudsoz7O9D
65,7bDnRNTv04GJwjPaDU4K23
65,1ApvsxtmxgpyXOH1WQEVXI
65,75iJMOH4oBobiRiBJVdw2m
65,3zMvotMEQK3xvH01vA9wAP
65,41krZZovstMJKeJZJtbL78
65,1xwa32HgXQvkRxVTB2qP0U
65,0w1qp04v2zehJXctW0JPjy
65,2Gnsof1hvZzjE1xdLRpjtf
65,19YKaevk2bce4odJkP5L22
65,0Sr7ssScx54yxdM2ols7nW
65,6lwJPy78yr392u5uVUQKww
65,3F14hbIqy1JKKLTb1mzdYV
65,3U5HfQM00maTYSthHtV59L
65,6i5fDaCzwxRrZtuvvcqoIf
65,6PdWPdgPoVCT9WLFMVnhxx
65,5NU40QTlXrDUJzDBdv79bg
65,70LcF31zb1H0PyJoS1Sx1r
65,113xf7t4qNM7038YJvauik
65,105Fwh9wijwT41rrfgSnrE
65,7Ms58r8G6Y0r1XLtpwoGxN
65,4QhWbupniDd44EDtnh2bFJ
65,4HwDCXsMBC7SUdp2WT4MZP
65,0mNzElhEofvgMWAJoOA4q9
65,7JVAVLkkhpKOp8g4jX5Z12
65,3swc6WTsr7rl9DqQKQA55C
65,69w5X6uTrOaWM32IetSzvO
66,2ByBBvpR9b7IynvRmnG7kG
66,46tv0OqV2s15z2Jvb2E1fe
66,2DlHlPMa4M17kufBvI2lEN
66,288e3FhmVuCqPmNEfAH0h6
66,4NoOpkVBJsRB2YTiP9vRJD
66,2IOFZdYYkFxEHVz1w34PoL
66,5IZXB5IKAD2qlvTPJYDCFB
66,7y2mezWO3hkfyugI2s9WQp
66,3m9ffnQYlWhsIClqADZ5SO
66,6GmkJJMe9U1tEcrJ3Hq3A1
66,2zIl3eEUd51KdtqGyJw1sg
66,1rNop31kdDmSj3Ds6xhIeS
66,12k3pLHg78j1NfwKf9B1jf
66,7996f9NZeypc4jqfc6hJUa
66,25JwlfH1QtTlOLgNq72IBO
66,6pZHZndlo57dPCYnvlYFOE
66,7KU3A1fotuV0GXY1doHFT8
66,3QT55sRs0R7AVFhBxSxrZN
66,6MbH1QiphMCPTqVEVC7UYi
66,5BsM0OrFsQThIXKTnYmuW0
66,6BYL7xCy4FSbqVu29akzPO
66,6HbWoyinLdXPZmk6xONuKw
66,6MvQ6mhfqeoxfhTydwYRRI
66,6GXgd1BPD9bUpqw5AntGV5
66,6Qtngx8oTu8BEfasSIhpEY
66,7iQXYTyuG13aoeHxGG28Nh
66,759ndr57jb0URg4j9YSWml
66,3fpWkbEZMP1BgOOfymwoaS
66,66P8MvPsqu5sN0UgzLYZrf
66,4F6YLjakjqWFTgC5qfEwPQ
66,6wbbeA1FcbqXiJs7aIA8x7
66,1I6pKIyaBp4OebTGLJpCCC
66,7ghKr0pCYyPPyp7t1FH8k4
66,2wSTnntOPRi7aQneobFtU4
66,7AysIqSEDiwP4CUsAXJwrk
66,1bM50INir8voAkVoKuvEUI
66,5b2FFKC64kxqcfaFnIZxoM
66,1rJg58PwiAa7lMYqMs27w5
66,1KcOU0q9AMXV9xi4tSzzCc
66,1LomM3L6atrf79ZL7nHDp4
66,243KxZULAjWO3KREpVHgOH
67,6Uj1ctrBOjOas8xZXGqKk4
67,7K6xMPtAjTuLPNlJMLf5bS
67,30TcFxtFyju8isK6Hjo9KY
67,0q85C1JiECyYIQthz1posA
67,4LpUpiYoZ2M3Z1kmhn4EQo
67,7l2nxyx7IkBX5orhkALg0V
67,4JpazKcfOhbwqZrsYhzHee
67,0z1o5L7HJx562xZSATcIpY
67,3k3NWokhRRkEPhCzPmV8TW
67,1j8TmNa6vaFAEAws43kP0Q
67,4bPkBHKLKd9WHizsvM2zV3
67,5CsDo9j3N4yFZNCN1h9loS
67,15JRvf02KKGHKgC31jrpuh
67,4gtIYSYu8u2ItBqrhCaChL
67,6tBOuzucH3PGwEA3yWzwRG
67,1tGGJ4SRZnd2H0E2dV05iM
67,5wNIHa6wvCCKP6fWgo3UAh
67,5pHJv0bgNsT9nPoK2BjNBn
67,4rAg5bbrdZX00mXXhLvYXj
67,1qyw5wSUkEvH8DtaCdx7Lg
67,1unBUyjeQUDiJ8N89XiDrr
67,1Rt5PxKde8JdrCk4ZTnu0g
67,1PIgY9ybyFT9uWLM5POYGY
67,26w9NTiE9NGjW1ZvIOd1So
67,44c9MsAwxoAdAYpCVRBAG1
67,09IOPhEh1OMe0HD9b36FJk
67,3C5yxZTCcDOi4pnFEnKJdC
67,1rU0ZI5o5nalpDsUAy0vZB
67,2dcPutROdT0VLw2ajhBwTc
67,2x6hopxvQkOzZTBdEMyUO2
67,6ekvzkGg31TOQhHIFEd55x
67,53iuhJlwXhSER5J2IYYv1W
67,0GQQzmMNA7JE4tOdcSFh1C
67,5jGUJXnELDaDTgiRjD9lsg
67,4QSCkYRmv06vKZjXPoarXz
67,03rwnftfgpYVO6QDWOZcG6
67,4LmAnpjlhWTahvRkYR8xJa
67,1ndGB6rvxKYN9seCYO1dTF
67,214nt20w5wOxJnY462klLw
67,5Bc2A2xlkRhe3POKAFo1Rg
67,2Bs4jQEGMycglOfWPBqrVG
68,7y2mezWO3hkfyugI2s9WQp
68,6Re0Nk3A9no6sG9KF3Qomq
68,2NmaDAnnP9zspaHLc5aSjb
68,2Rv2EIpEmEi5fGVtr5KVgI
68,31VOknKjFrEX47bZXzqcoF
68,0fLeL6TVmrMgDMW1iC1puo
68,5chnRTB9qMK3W1M41SnU9s
68,5CzixCxDkRXX9mScCmah8O
68,78QcVmzxS0wIwuC2rpAauI
68,4lUAlhQOVzhitQKjxrHVny
68,1d5dIwX0QGabBASb3gI3VA
68,55mQhobuwtY7lfLAXylg1k
68,4OafepJy2teCjYJbvFE60J
68,0reBZSEtwbvqkXoWGtmV0k
68,77sMIMlNaSURUAXq5coCxE
68,0c7wqpBLOTFr1yb70LHGFM
68,3adVVrcE2KS26OL4rYd27O
68,0cgD36xPIJBdKUNJRHYDgP
69,5wQnmLuC1W7ATsArWACrgW
69,6it15CsDlkqB7N4lF0C1qM
69,13bHItq1R7F0k0mVZ4PUG8
69,4n1bdaKwynQndm47x5HqWX
69,26AuyrZGzWWiYZPSd3XBIg
69,2zIl3eEUd51KdtqGyJw1sg
69,3yLOy7bjC1dDeOh4MArkq8
69,5ZCsCQrtEUJUJAylu9TDjY
69,3fqwjXwUGN6vbzIwvyFMhx
69,0HEytGQM3bG1vKxER7IgVK
69,3aL7uOGU9S77L4pfFr43Es
69,4TDPlp7OSOjuDU3l7PCM04
69,0O6VeBiFCwHrpVURJSsGsU
69,6VzcQuzTNTMFnJ6rBSaLH9
69,1BpKJw4RZxaFB88NE5uxXf
70,6CZpEC9kyyCJWWZKPnviXY
70,0O8RjwNco465s5o9Ix9IYj
70,6zHecELSAUYPCmYY8qHuOy
70,6mmPpaltUZK7xjNlBPQQ0p
70,2iuZJX9X9P0GKaE93xcPjk
70,3dtBVBClM5ms0qCBBrqpUb
70,71AVxv9fJVgGpGZIGcxud3
71,3Vevii7qKqrmW8CcyzBHDl
71,6TIU9Ehmi6dMzZK73Ym4yj
71,3XRQT7EoS4U87rUuJwg5P3
71,1dD1aarWotVIiFo5gGdMc2
71,3buwFfY33H32wfZ6X9poV3
71,5Z8ln2LBtxFcLqFgZz8iyR
71,6Otmq7JokHh38wKSqUimcS
71,0PCRR19Pf4iiuvSrPxtQ0x
71,2QeQNF182V61Im0QpjdVta
71,5cbHlX6tKCCiz1jtVvkH5w
71,0B1QILlvPWfc9vovFYuUuk
71,2g6tReTlM2Akp41g0HaeXN
71,7eResoqEJJAVTkQYSqvO3P
71,3GVkPk8mqxz0itaAriG1L7
71,4xdBrk0nFZaP54vvZj0yx7
71,7LHy7Dcts0UDZ6kXa9TgkE
71,5hQSXkFgbxjZo9uCwd11so
71,5P9y0HcSxt5mzACExqe1cf
71,42opfOB0VjHYB91sYjmtOM
71,5cfsQZEFf1IpQr8F9vI9le
71,5hplO2Sk1SaZgSaR05m6Nn
71,0nJW01T7XtvILxQgC5J7Wh
71,7A2cNLRT0YJc1yjxHlKihs
71,7ojqw2j3HrrmXhfykBV88i
71,0mQLFm42be28X8yKBTiHP3
71,2bPOr33Dh8usjH01h1wa3N
71,5cn4RhNZPPjt0onhqUMEfa
71,6fLVTVaHWaEfVKfEgbkf4D
71,5vollujufHY0jMZxx77VWr
71,2nvC4i2aMo4CzRjRflysah
71,65G4Ib3w7tgLjUkO5GseN0
71,7i9763l5SSfOnqZ35VOcfy
72,4Hq3ZYml7RLPYKcm8AA3Bn
72,2DXK0YNGSqnaIEX5iaSIoK
72,7rUchbZxrhF29Q0vYjKEU0
73,35wvL50xvKpCHEJPxLOLPI
73,5jROdl6MhcmP3O7h2sVgtw
73,1C042FLYy7rP3MfnkOcnha
73,47GAwoC7QtBMVqrixfLVUo
73,3XLJoMMM0oRHD4gHq6jV9Z
73,6cuGUclNrYm0QHVO2sGqow
73,7E4EhLK8mG4ORi3QR52r2A
73,7L3yLy4K5CI7AWK2DfAbTv
73,3vGd1heFoUuFGvKvl0SdW3
73,5COQeGCkntn6AgXTHMKpdC
73,4U6qrE2SSWYGVKCnT6VbmF
73,7bDnRNTv04GJwjPaDU4K23
73,6uC9fa50cFyDOc1BTOLXiM
73,6TEftSkmWdTm1EpThnwqh6
73,1T0iAFb7dgP0hajkmYstFu
73,4IiHCtnfw8tZasAeocWqVe
73,3zT2616WcD9Df5m21OsCX0
73,5cbHlX6tKCCiz1jtVvkH5w
73,6zEg4KEgz6RGhCPmDKplYf
73,4ueTr01dkL360w1knfh21C
73,1P17dC1amhFzptugyAO7Il
73,34D6FJysnQioVingDKufuf
73,4HIKcEKSijQLW5YNLsdLzt
73,0To1HWIDce0JUJbJMZno0W
73,6b5P51m8xx2XA6U7sdNZ5E
73,7bpYjSF1pw7Klp38Y9rJK2
73,6dBUzqjtbnIa1TwYbyw5CM
73,5QEAqQ7NzbTP8Px5N3Ggmi
73,4B0JvthVoAAuygILe3n4Bs
73,55mQhobuwtY7lfLAXylg1k
73,4btFHqumCO31GksfuBLLv3
73,4qOpQXiEDEvt8MhYCGcwB6
73,0MI4U8nhdfJ1FPRAgYhXxC
73,6QU5K23dgQ6kOca5INWOVB
73,0N5zjRnf8AreOm95iSBXF4
73,4KYS9GK68yeuUJ8vJfPxrq
73,5chnRTB9qMK3W1M41SnU9s
73,03yLhZ200apRpQR47lb2fg
73,2Dh9TqU8nHVXKrpep1fWoj
73,69QHm3pustz01CJRwdo20z
73,6DrXZwTuhl5Ow4mcmSWjME
73,2ih2U8ttFzCjnQ5njF3SrR
73,6PnluwP0fjGnpIBsqTdUTq
73,6iycYUk3oB0NPMdaDUrN1w
73,3HqcNJdZ2seoGxhn0wVNDK
73,7BMFfYoeXMXMX2mVCy2NVz
73,21L1dVOTGhvAKvBXXnTIHj
73,2XIc1pqjXV3Cr2BQUGNBck
73,6tjsbysvZh8Pq8DZA5ldrn
74,1a7onn7lPqqRWul5ogyMyX
74,4lxaurdMyGkt1tOrdwRoVO
74,5f5r2N4Lp9WoULWPH9zp2W
74,2C8BawsbZROHDBUnobEbTQ
74,4qOpQXiEDEvt8MhYCGcwB6
74,0NPRq1Ti6JYKOqSyiVYWZT
74,5IcP1PPnleZ2kuwKDyfNC5
74,4QNpBfC0zvjKqPJcyqBy9W
74,3jA5KKyAh3RS07CHzyi0A2
74,1NZs6n6hl8UuMaX0UC0YTz
74,7sA2SKTo1QbTSSYn5YvJC4
74,24CBAWq81pQNTftNAxVLYk
74,2jTujnt0y344ai1rNOywgr
74,3rdAz1fbUfZxYgaCviYhRo
74,79chzfFIIq7cHkqcYYORk0
74,3lTTI3ldcvCbvQDfz7I49R
74,5O9zs6G6RcB6yP1OKwnwiM
74,7Dx9Z6Aon1qPS2N0rHSWTe
74,0TFTAtCYhp2tQ9KcJIZb55
74,4T652DlATVHe0jdLKaN3Bw
74,6DEMMeWXfmFAXgDUMMzeg6
74,1qyw5wSUkEvH8DtaCdx7Lg
74,0uZnF1sn2IcNCvnyAIKNMQ
74,5rzI6Jnlhx8DgVgsOLorfW
74,6Nf6DFVm0O9yLJC9N13RYL
74,5CzixCxDkRXX9mScCmah8O
74,6J5kc12BW5HuP3d7C3vvx8
74,3zMDGj4D8ogaYgAIZPeU7S
74,7FCiDC7ojdm19CJePq6QAe
74,6I9MNXKYoZMhY26iDBn5Bu
74,62wtttQzoIA9HnNmGVd9Yq
74,1fUp9sWmy3EiZzPGbJmR4W
74,6IZvVAP7VPPnsGX6bvgkqg
74,5t6VW9ocIgB84vD8uR5xXU
74,21B4gaTWnTkuSh77iWEXdS
74,1Yk0cQdMLx5RzzFTYwmuld
74,0FJqXBo7ZHrskhH4owaL9S
74,2wnhst8yHA4gKuojAgZedh
74,3a1lNhkSLSkpJE4MSHpDu9
74,3R1Vu4Ws7UitwDxDHTol0P
74,5A7eooPKJHtr0UJmatjH4a
74,0DuWDLjriRPjDRoPgaCslY
74,1yg0jZwJIsmG7a2TqPIv7z
74,0nrRP2bk19rLc0orkWPQk2
74,6qtOaQrYTqyAZdNMCmGQwr
74,6SwRhMLwNqEi6alNPVG00n
75,6PwjJ58I4t7Mae9xfZ9l9v
75,4IQkfUsrwXol38VV3U7t7T
75,0cDTCma0cfyXGhOdjD5rnj
75,4qUijfYU8EoIWiY6oSyrgT
75,3GZD6HmiNUhxXYf8Gch723
75,0rQ4jfSsfazmTHWsTVvQek
75,5c9vvmRxose2Qk8JOxpxrE
75,2QwObYJWyJTiozvs0RI7CF
75,1xWH8zYtDeS9mW1JJG23VZ
75,6mbI7YKsBQbwwhHr82s1Uz
75,5aIEFCKhVUM5sKkwOSdFiM
75,2uTrdatngtB000duMrfbiV
75,4tYFy8ALRjIZvnvSLw5lxN
75,2NGGvVcfb2m2NbVaXHC3gb
75,2dGxjfhFXDIUX9h5ImyKkE
75,113xf7t4qNM7038YJvauik
75,4QIo4oxwzzafcBWkKjDpXY
75,07EHYORZMFGlBdI5zIB7lp
75,3eP13S8D5m2cweMEg3ZDed
75,5vQctmBxi79lyQoc2DDAsP
75,52ojopYMUzeNcudsoz7O9D
75,1RoXxREDs6Ql3eSCW95fnE
75,2dfHh7ECGxfNqZTQno09Vk
75,4JOyMhad5dD81uGYLGgKrS
75,7uGYWMwRy24dm7RUDDhUlD
75,22itRNJ0N4sB8RSeofp7pW
75,4lxaurdMyGkt1tOrdwRoVO
75,5ylJtmaWPJ33cW3En7WOu0
75,59654ZK5g8mq1Z6E34qBXp
75,2AuU35arXZdYoscOIxHWSc
75,0iQPnK3bi7O27c5T2HBTdr
76,4rXxjHSAglOynjIF8Z34dx
76,6PCUP3dWmTjcTtXY02oFdT
76,3bnVBN67NBEzedqQuWrpP4
76,4hER09z0ayZMD1bERzpcoY
76,0x0Egm8IgaRNCfNKqkJrPt
76,1dQQ2QlnvXUehsRUrukKmf
76,3IfytpNFSJwGXrSJOVhKLV
76,0nJW01T7XtvILxQgC5J7Wh
76,1UdSIG6D6hFyd7HpIskSOf
76,0VE4kBnHJUgtMf0dy6DRmW
76,0RZuCBV900eNA2FXCQ3uUM
76,74fpNVAJrKGQuqHETi4WSt
76,4UP9Dn3u8O4p8oH41EXOai
76,2mxByJWOajjiVsLWjNXvDJ
76,7eQ0SV1eQXSZHBA1x4mcYu
76,33QGu6xtTr8QYXfzxZi4ib
76,43Bcg5ckW8WchRzyPZA0u1
76,62zFEHfAYl5kdHYOivj4BC
76,4RtlhOoWNO5ReUwdmTdTcG
76,5eVG50IlyjSevPsWnSI76r
76,608R6FvRtAqf2dvgKMzebP
76,3G5iN5QBqMeXx3uZPy8tgB
76,1iRIdATb1I276VdKK7JVAB
76,34xxPZWbEyg5iDKEBqdsBZ
76,1d5dIwX0QGabBASb3gI3VA
76,0xtIp0lgccN85GfGOekS5L
76,4bEcoz1OcfMgUbp2ft8ieQ
76,2q806mixyBFn36DmCHdVwW
76,5BmKRyAjCnvkko7Ms00YtA
76,0NdTUS4UiNYCNn5FgVqKQY
76,4356Typ82hUiFAynbLYbPn
76,4Uiw0Sl9yskBaC6P4DcdVD
76,68qeaZhtMZ6abrJCYt6nQn
76,40gGMOJlsEpeKo8GtxDl5A
76,7lgvU7WnwcNZ8dbGUz8yhP
76,28qA8y1sz0FTuSapsCxNOG
76,3zupOUPEG7UHTXATfkZJKF
76,6wsqVwoiVH2kde4k4KKAFU
76,0ZXkKRO789QKBR6ME7pIDF
76,3Dv1eDb0MEgF93GpLXlucZ
76,4CevWKebcrg0qzZCI6vu9c
76,0OoNzMdPSgbkM5MkcuEZfm
76,6YvqWjhGD8mB5QXcbcUKtx
76,3rmo8F54jFF8OgYsqTxm5d
76,4XcZp2xqbiD8YsnPboNUDo
76,07kLShG3HTeLXTqnFCqNAJ
76,31ymlaZzsadVgBae5oMguM
76,2LTlO3NuNVN70lp2ZbVswF
76,0aIp0EjpdX7Yf6YLW4AiA8
76,3M0lSi5WW79CXQamgSBIjx
77,0NRHj8hDwwmSPaA41o379r
77,37F0uwRSrdzkBiuj0D5UHI
77,0KRMp8ZfDguS9wiZiOiuAk
77,2hloaUoRonYssMuqLCBLTX
77,55VzNhbcf0Gxf6qRCUAV01
77,4PX9Ga99IMqlbgKucTxupc
77,5oO3drDxtziYU2H1X23ZIp
77,3NxAG2ni1lLa8RKL6a0INc
77,3AwLxSqo1jOOMpNsgxqRNE
77,04WxWo7XeVyx22xEsrWRUb
77,0fCwrjKfWxF3xQhZrYUw4T
77,5PFjKfGf75I3LkKGiReWp5
77,6Kj17Afjo1OKJYpf5VzCeo
77,6IvKEu4YwRYba9ZG6H7MIL
77,3Vi5XqYrmQgOYBajMWSvCi
77,7vS3Y0IKjde7Xg85LWIEdP
77,5IZXB5IKAD2qlvTPJYDCFB
77,5mFMb5OHI3cN0UjITVztCj
77,20R4HfKloPKgXDqU7UKk3x
77,6SwRhMLwNqEi6alNPVG00n
77,1rmEsOezwf2lmIZTMAO5Ag
77,09CtPGIpYB4BrO8qb1RGsF
77,65OIh4xcmjZFFXNvp7NAml
77,0dcMqjeDpwqB2xhzMsld0p
77,22BA9h34P0Q2PGZudsEBco
77,7DL2F2bueQycqYjqsjHYjG
77,4GRFzKI7jTZ3kbMfouc7bn
77,77sMIMlNaSURUAXq5coCxE
77,1kcwpPDQnqEqmezzXdJTCP
77,1yeB8MUNeLo9Ek1UEpsyz6
77,0AYt6NMyyLd0rLuvr0UkMH
77,7yjPDFhCUFGa90GKORcUTY
77,2OyX4SHk1oVRBP2dBOqRqC
77,5JhgHKSGGxsAaDJAiLP8OW
77,7bUcBztfGqO7cSI2gMZeCI
77,5JiTjhx7lhqYgsIGpo0VFy
77,104KjF0t9EnlFOoxGLxiSQ
77,1NZs6n6hl8UuMaX0UC0YTz
77,6dgUya35uo964z7GZXM07g
77,0NUqi0ps17YpLUC3kgsZq0
77,57jayqtClHRLIQ3mAFjvgZ
77,5G2f63n7IPVPPjfNIGih7Q
77,4LmAnpjlhWTahvRkYR8xJa
77,0B0tYbVp7pDQAqKDhgMeaL
77,6BO5udfgxk73rgdlbwBQh8
77,2dHHgzDwk4BJdRwy9uXhTO
77,0QepvU0N2fC2B5uIPafO1q
77,1r3uOHPoiIv89Xb6K9bDH4
77,4snRyiaLyvTMui0hzp8MF7
77,0xl1w2q4VLojeXp4JfazPL
78,23XjN1s3DZC8Q9ZwuorYY4
78,5zmaypMaWb21FUGBxbw8hT
78,5A7eooPKJHtr0UJmatjH4a
78,5g1vtHqi9uV7xtYeCcFOBx
78,5XkeTGKcCkGF8l6fA9YpsS
78,7eQj6r5PIdYKEIZjucBMcq
78,6t90Z9XkdsHD8xMxro6KRP
78,0jaN95G1TyZazGxQvYwib8
79,6gRGMnzrsAY5Fl2byZf2jd
79,363cVHJDjrYIkN5HcIAGCx
79,7wFNZdZ0PaUTjmWv6cU5jx
79,0R6Jlsq25eZB3Wftpxi3oF
79,3bNv3VuUOKgrf5hu3YcuRo
79,0tGkxA0oybkQ3iR6LLXPjZ
79,1KcOU0q9AMXV9xi4tSzzCc
79,3siwsiaEoU4Kuuc9WKMUy5
79,0DwFOBIvJ5Q569M4tsTOI8
79,2nvC4i2aMo4CzRjRflysah
79,1j8TmNa6vaFAEAws43kP0Q
79,2lLG56qpLP3UbcLuzMvkWX
79,2fsGiCx2MgrM0zKLt55S7v
79,69cLn7zwq2oIfnahAOIwV1
79,4719foL6R25RSHSJ1shNaj
79,2MikXpemnNsCebcU3MJ788
79,3qN5qMTKyEEmiTZD38BNTT
79,5uYqmEN6TAAE8ss8YmprNV
80,6pYNq0ZwpPVazKzsqpf0G8
80,2DlHlPMa4M17kufBvI2lEN
80,7KolrFGhfDi1JTSgQBT5sI
80,1ijJHUtNSzqQrWOgh9fkVu
80,7CBFRsUz1pz1cS12soVhih
80,0ZZ4nTGGQrNlTDbr0iPS3k
80,098ttCNmncrO4YvqWUNMvn
80,3WlbeuhfRSqU7ylK2Ui5U7
80,7JJmb5XwzOO8jgpou264Ml
80,2gJj6WtAxXjApMs3PXsCeX
80,1D2L6MefbXon28PzIk9I3r
80,7d6yK8v8J484SWH5prIQiE
80,1mEQbSq0PCNjyL6oMgHKFQ
80,6dBUzqjtbnIa1TwYbyw5CM
80,1xofPJhZcfJCc66P1UAh28
80,3HVRZxCp3BWYuYe8L8BMNH
80,2bXJMQZSJND3UYq5mjV4cB
80,57EMMRviFnUVwYgsHgAlA2
80,2J3CYFUn6eAuHz5S9IKape
80,11L064movtyopGdLiX4sVg
80,6MgKLLyCDKkmQF8PBB5zst
80,7HC7R2D8WjXVcUHJyEGjRs
80,2Em9XZZw8yEgxjojjGxntN
80,0129EujhGkwtwTFADGem5P
80,4T2zre0jqstNJ5Gt0WG9lz
81,1UsQe17Ef7tV1ahFqHEFR3
81,10r6fXqVFUfARiEswa4wqV
81,4frLb7nWtsz2ymBE6k2GRP
82,3iPIDAFybaoyqX7hvAfWkl
82,15JINEqzVMv3SvJTAXAKED
82,3l8zyeHnG8u2q7H4FQyVtS
82,3c5VB77JWXirY1jP2do3oS
82,4xv5AneqR0bTokomIPfGyT
82,1MTXYvJ9TSqg9x6WPCDx2n
82,5ASRwP2FXKRx90mlabM8cT
82,42VsgItocQwOQC3XWZ8JNA
82,4pcafPzLDSqQktqSpxHL3E
82,7lWUJpax919G4JdaFEVmCy
82,1mUTpDe3E8pML637zOFL5D
82,5oEJyOsT68BDRwLoQQJl6W
82,52ChYmfu792MW2Ezv0whpk
82,3y4q6bBdbXsTIaPiwiiUfy
82,3FbMtvXMcjmuAzlAhgwK0I
82,2xql0pid3EUwW38AsywxhV
82,3dj4wgM3cPeuLwMNHDuBon
82,6QT6j7rKt7Vk3IuV2AUO9W
82,3RiPr603aXAoi4GHyXx0uy
82,7EiUtdeoWcKqLi5ELZCjYf
82,0nrRP2bk19rLc0orkWPQk2
82,74fpNVAJrKGQuqHETi4WSt
82,5CRVwXGikmqzoRO6q7FeAg
82,0wihfILRNOwE2156Shezc8
82,5ONOlTiqymhzwcFjqcIT6E
82,4EuaDcxHmHKS6gZ5iuGba0
82,5YwBaDW36fztKNnoiHQar3
83,75W3SngKzTuoQ94uLf3y82
83,3KANrKOFYyAxfjQJHkgBdb
83,4QMgEffJQuKtjCNvqfRZ0m
83,4cV9zzKtPtW4i0FhnEwazU
83,4PMqSO5qyjpvzhlLI5GnID
83,400ZJAUFuEuIGXhr7ie4xf
83,7mDTvYD2ieE4Q28XFziMfJ
83,3F14hbIqy1JKKLTb1mzdYV
83,66h8hB4In6t725WtAPL23J
83,6wmAHw1szh5RCKSRjiXhPe
83,2LGdO5MtFdyphi2EihANZG
83,00IH8ZjI9ZGB51WRX1Oesj
83,0oJuzeiW6b4mtLgAW3wQFx
83,3KC1yCIfkLrRaeeMUEKvg3
83,0WiyWiJDkNCyGNqkv7NByy
83,1C7lXfx4Y5maVl4AgUVlHA
83,3GdwjAsCsoE79ObhsJFyYb
83,75iJMOH4oBobiRiBJVdw2m
83,7sUrtg1AYRyrDECLqq6no9
83,4fLTtg48X0QtKrj0Jv8I3v
83,5QD28FqaM3jTfsqWwvRZwv
83,6VVm8loj8FpKcAPUvgJfEl
83,6vSRW8utiYAdoCfJG2v86r
83,4Of7rzpRpV1mWRbhp5rAqG
83,6uvh0In7u1Xn4HgxOfAn8O
83,0AS63m1wHv9n4VVRizK6Hc
83,5jGUJXnELDaDTgiRjD9lsg
83,234urkhwYweGoBUxbi4jj8
83,2Ie9eahtnfKDIswYy6WgkX
83,5eybiaeuN3KEnDUscfX0SL
84,31YexNcOMVSFTEDGmQusSI
84,73CKjW3vsUXRpy3NnX4H7F
84,4HIKcEKSijQLW5YNLsdLzt
84,003vvx7Niy0yvhvHt4a68B
84,0uukw2CgEIApv4IWAjXrBC
84,6holGuk1jKHTdWyWBOZi8l
84,7fQ1PCR4pZC3SyNSZHDQtT
84,6BU1RZexmvJcBjgagVVt3M
84,3ElI5xtTBJlYf5sFSiNbJD
84,6b8Be6ljOzmkOmFslEb23P
84,0q85C1JiECyYIQthz1posA
84,2b7Si9I7PtpgGOnUE8Qogd
84,62xU1NllqWBCbkZFTXEqzF
84,7wEs4bYaStkU6SsLZWaXH0
84,6iC3L3YmAkGucvJbXKDanA
84,1SjsVdSXpwm1kTdYEHoPIT
84,1a7onn7lPqqRWul5ogyMyX
84,0dyWQoMOU9oERL6c9vxtRp
84,688QpQAwqsLdBR6lr13wK1
84,1RzjXhgnzqb3dMa5852itx
84,4IixOTCzviJgIigKleiVbo
84,0uZnF1sn2IcNCvnyAIKNMQ
84,4waPZF96vX1Oz5pzH6dB0h
85,6Y2Iom5hrfZyhBRGqcrJdc
85,12iJ53O8WaA64M6S8JgI2Q
85,74cq6AFbsKdUVZMpG2TPEr
85,01QdEx6kFr78ZejhQtWR5m
85,2TQy6HAI99JYNw2cKGYAE8
85,66YHxyGAUGjMBDdrDlWIMD
85,4ipF2KcbNGlPZDTeQsXnPy
85,6vnfObZ4Ys70SBAtti1xZ9
85,2RwOqicYzwMSuzKzHx78jm
85,41oY4WCTj5kccfesTVFnvN
85,6K07Ahf6V7CAQn0ikrOztl
85,0iSWAT0EL8TwmzcgBjKMh6
85,7qjZnBKE73H4Oxkopwulqe
85,1I6pKIyaBp4OebTGLJpCCC
85,0GnNHCDj2WOJl70UUcvAEP
85,3asg0JPGx2OKqor5jhZXT8
85,3CY3zAjrxKVInh2Lq1QiRb
85,4w2GLmK2wnioVnb5CPQeex
85,4YhMaKfdp5MgcECm2YC7ve
85,2F3N9tdombb64aW6VtZOdo
85,76yJsfb1CUy5Um8nFL7jKQ
85,1mhVXWduD8ReDwusfaHNwU
85,4NqQaovM14WR2hNPMFxgjb
85,4n0JnrS5az8qhhQRuofBfo
85,5LJz7kmFhLqB53tmVWxig5
85,3v8e2n4bFrAeKRKgy3nha1
85,1nW0lHGLpE1iQDP5Nvt3x1
85,5L9WFUodzACitS1TiGm7Mi
85,0a4SMs889NwP8oWI7Vemle
85,1TZgdopOZCUxpS5bp1i0Zz
85,2LzOTLGAqF9IPkwHFiCysq
85,7sBwAWyXfiIgrYQ8BaJESH
85,1Se0r96r0gnqg67kJPmESc
85,4vCAzANUWDE24URV6wQ4ra
85,2IXltsrRPTEeCjy8mH9UAm
85,4wcBRRpIfesgcyUtis7PEg
85,1xtw1krCR6Dw2KwkXw5z63
85,5BsM0OrFsQThIXKTnYmuW0
85,6WCXBUFa0z3l9DoOY3k5Xe
85,4QGHin0gSqzPrPJhPU5gWn
86,4hjGZN8poACfjWCK3Og6vY
86,4Y9Ge3i5r0vgFAZq653Yx3
86,0sCvjs8IVBhxXVhg7jQemt
86,4PPLJAEYBSOcnzr9TZoqf9
86,0NdEdsXS9jbX1hnufawZ0z
86,2jTujnt0y344ai1rNOywgr
86,2t4SQDOXu89qm0WW4TwGgD
86,6oVxXO5oQ4pTpO8RSnkzvv
86,17wMOhLqVB3DRCmTaLjwVM
86,0IabpxMpUV7waD7U4uDIMJ
86,5F3JDJu7V3EXinMhEVcZKa
86,4FzMYYcuQg10kBzXgauodD
86,5TB6QgrF0RPIxSCGfRDLoe
86,57jayqtClHRLIQ3mAFjvgZ
86,6CmETJCP8NSW6Z6siJixAf
86,1wa6QQsdSE3X2GbRljGpFk
86,6wbbeA1FcbqXiJs7aIA8x7
86,1Hq9DR1s1DZIlpNZMEFA0v
86,6K07Ahf6V7CAQn0ikrOztl
86,0oP0VrPXuPmfSSvQFwepJI
86,0DwFOBIvJ5Q569M4tsTOI8
86,1LLUoftvmTjVNBHZoQyveF
86,1XBg3rmlUnUgXqZX7DacOq
86,3BssiKHkHy0zXZCj1T8TcJ
86,3CY3zAjrxKVInh2Lq1QiRb
86,50mFx2cuJhmhqsrd90sKKZ
86,5aHHf6jrqDRb1fcBmue2kn
86,1Bg2CNZw6S4e9cGWPmi0uI
86,7KGwRAF99Ryell3B2T4DKy
86,1m7j6RWUxeBzTOY4hcWsoj
86,3gOI5aQD4mOMLsP3aWrkon
87,2o1pb13quMReXZqE7jWsgq
87,0sHW1jXe6Sou3437gJQNGA
87,7AbqgE05nFl9qY4FRUiq2p
87,2JoJrsEV15OzbijS47lids
87,1EKZmfqveHKe78Isfk07w4
87,5HAjss9faCAowGY8dM24r6
87,7J1uxwnxfQLu4APicE5Rnj
87,6i5fDaCzwxRrZtuvvcqoIf
87,02ppMPbg1OtEdHgoPqoqju
87,1Vp4St7JcXaUoJcIahtf3L
87,1VjnloX6zB43pXp7QehKvT
87,6UjfByV1lDLW0SOVQA4NAi
87,1nFYpnm7F7iJgvKpSdyZXl
87,0k0vFacOHNuArLWMiH60p7
87,0ETWLLoRd6Z4r97h3740C1
87,6dTA6y0C2ReQklntzZl8l3
87,4UddKz4WBKn5b9tDB6tq2L
87,0q2zGICTMJ3ZAZX0r2RLNH
87,2HRgqmZQC0MC7GeNuDIXHN
87,1QBwk6GTCxVdC2hoSw9tlM
87,3OxL6MuctgZp1e0zxoAZhH
87,0jF2AdhsalO1L7KkhK4LE5
87,0HPD5WQqrq7wPWR7P7Dw1i
87,0725YWm6Z0TpZ6wrNk64Eb
87,6q2PbvM9UEig4r8xku7VIb
87,2K7xn816oNHJZ0aVqdQsha
87,4QIo4oxwzzafcBWkKjDpXY
88,3jUDqkHatwtprUmZ8epP8P
88,4NioO5R9sHEZh4cGzMHyNt
88,1dt2lHi5RCMPuxz4VxKYgi
88,3jg8bevUzKYONDLBBQquif
88,1qmTyz4l8mLlxGqGP2YjCF
88,67XC51nlZncNpHmZ8rOU9a
88,2qT1uLXPVPzGgFOx4jtEuo
88,5bQLsyTrUaMQRfr6whwGe5
88,6K4t31amVTZDgR3sKmwUJJ
88,3rzgN5U6Q8EviM03LijE31
88,5S8VwnB4sLi6W0lYTWYylu
88,5Oc0vVCEHfBvQ26H4a8qcY
88,1xWH8zYtDeS9mW1JJG23VZ
89,3nr3oHUp1yTHnjgarY8KX0
89,1i4F583d9v9RabcfOlKKVL
89,1XAs7coQj8K9RbiVX7JeKG
89,3NLnwwAQbbFKcEcV8hDItk
89,6NFyWDv5CjfwuzoCkw47Xf
89,6KCvMsAiL6WseKEFsWoPgc
89,2HrPGP17J2MaB3iqBdhAkB
89,5e9TFTbltYBg2xThimr0rU
89,25uMKq5kygC2woAfeetEfE
89,69kFrD7Mi8MJq9tAvJaYqO
89,0IW0qaeyxL5Et4UG2MrJKB
89,3t72JCbFJ3syOhFC7x9Pa4
89,0vfPEfQk0ZCHExTZ007Ryr
89,1VMBapbhHidf6ALFszT7w1
89,1MgV7FIyNxIG7WzMRJV5HC
89,2e3Ea0o24lReQFR4FA7yXH
89,3yII7UwgLF6K5zW3xad3MP
89,3RwWW7KeVhHGayYJgUL5eZ
89,0VE4kBnHJUgtMf0dy6DRmW
89,7sA2SKTo1QbTSSYn5YvJC4
89,3cjF2OFRmip8spwZYQRKxP
89,3c5VB77JWXirY1jP2do3oS
89,2od6VwQ93pD6vfYss3oync
89,54FL6e96e4hOh5JT47kC4A
89,2mrZYZGmPFV3QOyYPZ1zsn
89,5T7ZFtCcOgkpjxcuaeZbw0
89,1ayV64ur8VWgc6OPtPRl1q
90,0F13K9dwYH2zpTWiR8d628
90,0NDOVMOT6ah2k6HuXLrq5x
90,2m3ObD945KvpE5y9A1eUWm
90,0YbI9lWxUBsCJLb6EBydkr
90,5e4LIAQI0bClLazNf2gZV0
90,7zK4UxuBYdenyXNHJ3U6HA
90,1cKHdTo9u0ZymJdPGSh6nq
90,6X29iaaazwho3ab7GNue5r
90,64j3Bd62HTe0pclk8Aq9BE
90,5P9y0HcSxt5mzACExqe1cf
90,43ZjJZv2foN9DF9Q57PJHm
90,7AeM1BGYM7emrqmQn1PuWv
90,1BaDHVwdvmT1b8WOwhmInk
90,5KW11tUGHVDBbyoPuqG4U9
90,0XrPZPotxZNDkuvauuVO8R
90,6cblRiEGDRNZgowcm951R3
90,2HolBGR6tpiWI80MXoV1dJ
90,4uTvPEr01pjTbZgl7jcKBD
90,1bv9wrUiUgjWfahxVwtGSr
90,7v9Q0dAb9t7h8gJOkcJHay
90,6O5TrlFWTYvznd9fMC0VvU
90,010d0LZvE7DRojYxuZHzax
90,1V15l05snHYHYVxerjMFGo
90,7ijyGfG4NxMBobHgvu4lIM
90,3OHfY25tqY28d16oZczHc8
90,4NoOME4Dhf4xgxbHDT7VGe
90,4tiWlKXUB47UpAXqpfoJn4
90,3j9UIPpivEXyfV67agjXKH
90,4SZhxF0sIS8nDvwhT0Tt2V
90,44IXD2J5yyr7PpOZzz2cmQ
90,3QJnjJH53Ocg22MaLutrgJ
90,14GjTzurOPyaxusQvJxokJ
90,0tQ9vBYpldCuikPsbgOVKA
90,22thNommTAqjV4qHVENVd8
90,58YL9Jo1T0wyijCOZWRmyL
90,4D7BCuvgdJlYvlX5WlN54t
90,1oAwsWBovWRIp7qLMGPIet
90,4QhWbupniDd44EDtnh2bFJ
90,500l6Cwe40hkPqS7Sf7ufY
90,5m5XW67LO8x72K0GusruVA
90,1R0a2iXumgCiFb7HEZ7gUE
90,15JINEqzVMv3SvJTAXAKED
90,2dfqS3MRtbLZSZA1IL8xY5
90,7sK3nu6yk8urQ44ouEB7Au
91,6qafqn8bBMy7t5c5WqpyRk
91,5BoOzegGrg5XFRR8UBDtkF
91,1dekgAFF9uTCqLsklDaCWb
91,0wihfILRNOwE2156Shezc8
91,19woxaSpjOefa2JnAOoqW5
91,7AtBtwrKhz94hYXgGYyG58
91,6lwJPy78yr392u5uVUQKww
91,0RZuCBV900eNA2FXCQ3uUM
91,1zB4vmk8tFRmM9UULNzbLB
91,5ieqvcZfycFIMJnF84D1Du
91,2hw47GMKL6LXwp5BJgPxXf
91,15pyFQHCTVp6T7vaWctSgO
91,1EDJSktmcGoYEZxXAJXVTt
91,3hpm0fTeSqlhJbnqAgaLZs
91,1UHS8Rf6h5Ar3CDWRd3wjF
91,7tEoJKbYdIHBfn7tTIyjHW
91,4z3EmveE8ibhBVKBlZvmjp
91,65m7WOTu8fMBFDd1r25VPk
91,3G6hD9B2ZHOsgf4WfNu7X1
91,4S4DVFQkLbfhZbGQxoRtPR
91,3szf2z1Cy1QMrtHrbn8rz9
91,1lguQJjlNrIOoOylYVZN3M
91,6D8y7Bck8h11byRY88Pt2z
91,0FfX0nofboxZjP0diT1eFv
91,19Shlms2uTnOjIUg50TXzd
91,3RkNXZvOSMMElmmXztDc94
91,0DougW6R5ZoPKhOMGFBmRq
91,3HWDWyIqWuLsTHECx9DvXF
91,1UMXtudajhlocMzXVSngDU
91,5IP7Tk0LBy5AnBOgROSFUw
91,2gyxAWHebV7xPYVxqoi86f
91,0R6Jlsq25eZB3Wftpxi3oF
91,2KhrPRV0V1FS2l4eQMJUWt
91,7ydu79RLStYQTOi1OM6Dvg
91,1i1n7hUzCDkXGFqIJSSzom
91,37F0uwRSrdzkBiuj0D5UHI
91,7L3yLy4K5CI7AWK2DfAbTv
91,4jjFjbqCTkaN1mGb0BMYl2
91,5lAnYvAIkSDNXqfo7DyFUm
91,5G2f63n7IPVPPjfNIGih7Q
91,6ie0uyyvOKTTuIFBMPiNIl
92,3nFhiJReGYBDoqArWW3p5e
93,6AId2aKm8d23lG0TNMYxwm
93,3XOHxCoPkXW0pvR6xl4f0M
93,2x3mwb96B6TquRqMtbxUE1
93,60jI0JgMLLj1VggHJVhtRs
93,5XX9oGZfgKMXdHnEp4t2JB
93,59KOoHFcw5XfICnO57holu
94,0F13K9dwYH2zpTWiR8d628
94,1aVDGnB6ydtXwudYLgUB6h
94,7xQAfvXzm3AkraOtGPWIZg
94,6y1JKzkFrCvLZ4k9qbHP4t
94,2CVV8PtUYYsux8XOzWkCP0
94,1M39ETXmej4g9EMSeXPUgj
94,36DHxTW2xdr9GG15T9oK9L
94,0uZnF1sn2IcNCvnyAIKNMQ
94,1EWKlsk5xEsDnejpkPkFVZ
94,5PbK9N675eK6ZyvezMgbQR
94,35cOyocq8Gb6UcT0NWeTwn
94,7nWui6jiMM2m9qFmET1Mtj
94,2TX04DO2zwrmoZKos95IA5
94,7oTE1KmtU2ml9zBhv9Reao
94,4eumFsTnduH3zRfaASoAPs
94,1ITSr1tMba4sXhQQsm7VkB
94,2arETTjDUyUqXR0x5g6E8U
94,2pw9RZWZibttZzoFhwjuy6
94,3cm2v6gfWuixcHL2A6wvGl
94,2QhURnm7mQDxBb5jWkbDug
94,0GgN4MhR5GKn5IcKN0e0rG
94,4191RXFPa7Ge9XkA4cWlna
94,55VzNhbcf0Gxf6qRCUAV01
94,1N8dX8FWPUzVuSlKJA25FK
94,2Em9XZZw8yEgxjojjGxntN
94,4zhk2RS2EZODmBW6il55Qj
94,2Im64pIz6m0EJKdUe6eZ8r
94,3HQcsqRjRdruUjkbDSgmVF
94,4p2newrzzjPdXIENDqlCCW
94,7JgNAnCjJvL8hBR1kmCOFF
94,6SpYQ73PgXGCphMwDFj00N
94,0SqqAgdovOE24BzxIClpjw
94,1WFgv04BZTx6gZWQNE6Sp7
94,3Cl9wNUPBlWTw2MlswtOKb
94,3z92w2yRpuxxlR11EfJye3
94,3IX0yuEVvDbnqUwMBB3ouC
94,3oZZfVvLJuDYc4Vn3A63Fw
94,2QzKAF0y1BQhxwg8N05Uog
94,4a9fW33mYR8LhXBOLUhbfF
95,3BtuIIrQlkujKPuWF2B85z
95,747LeNCUC3bF2h43E73rFh
95,1DTRUYVd8rYpla9hhVVwjo
95,0vtgMfyOVM2Y97DcVVJw3m
95,0afhq8XCExXpqazXczTSve
95,6PwjJ58I4t7Mae9xfZ9l9v
95,6AzCBeiDuUXGXjznBufswB
95,1Hq9DR1s1DZIlpNZMEFA0v
95,1m7j6RWUxeBzTOY4hcWsoj
95,2KvHC9z14GSl4YpkNMX384
95,7DnAm9FOTWE3cUvso43HhI
95,75iJMOH4oBobiRiBJVdw2m
95,4nZi6XNe36Ut4Nij3IQ1yC
95,27eOHLIdWzqzZawiRSEi9s
95,5G2f63n7IPVPPjfNIGih7Q
95,5RubKOuDoPn5Kj5TLVxSxY
95,2wn0AYkmcF0Cm7PmvA7hJ7
95,22IVvpKhaLiYGzu3FdqBwB
95,3AsOTlJkROSGG5JL7cjyCw
95,2iuZJX9X9P0GKaE93xcPjk
95,5Eax0qFko2dh7Rl2lYs3bx
95,2dHnJmZMNJlKLmCNV0Ahnt
95,1tGGJ4SRZnd2H0E2dV05iM
95,2JlGo3jir6d0JLeYDvyPgh
95,2Gnsof1hvZzjE1xdLRpjtf
95,1TweDM3JC49LNeelLVg3yX
95,2HolBGR6tpiWI80MXoV1dJ
95,0xxzdAyWcJNHdVDDuHq1qS
95,4nrTw6teGIWRvc929Ap2wM
95,1ZycJRpLOazlLcoFGxGROO
95,4WrkJNGb4zUwARc0FD3iNf
95,7xeh81c3bxTgqUgy2WN56u
95,5vQctmBxi79lyQoc2DDAsP
95,1DAibqbopEYULPEtE8WHTE
95,4UQMOPSUVJVicIQzjAcRRZ
95,3S6m6J4ExpHdzoV9Pfxa0U
95,4GL9GMX9t7Qkprvf1YighZ
95,29JLgNBcOky7QB68OrvYxO
95,6sg6kWL8RjUcl7Kq7lxwEc
95,4iDaYVSL0zwFLacCt0F7h9
96,6bPSncBdjSuhvHXRF049F2
96,5J4ZkQpzMUFojo1CtAZYpn
96,6PdWPdgPoVCT9WLFMVnhxx
96,14GjTzurOPyaxusQvJxokJ
96,0R23grfg7MaNE9TUpNNQUU
96,2nzfgpGvMINYAzrv7YpHfv
96,5TXDeTFVRVY7Cvt0Dw4vWW
96,3LcoHjgdNl4xtWVaJGSA1p
96,4j6kId9QIqhoXvqHKgSKa0
96,5BLxf0dPOTKMFFgUEp8M6T
96,3Vd4fHzwS6pBS3muymjiDi
96,2vdBo4ALPYbHRUPKgtE5iC
96,2wIcebwzceIwgonsDICx6P
96,2h3MDMf8sd9s4XIzpTBIjX
96,6xRG0mGtTLvJDFnytx1eoj
96,5yrrh7VYFMCNjUOIMzGNp5
96,1eUdV0jcQnkpwmpNHFYCiw
96,0jkzxxDG8z3Y5OmfNl1VM0
96,13nQ70PnhDnTkYqCmdg3sy
96,4UBKe75v9DYcehHirq4ot4
96,1Se0r96r0gnqg67kJPmESc
96,4lrC9aBnzlG9U5DDoHMnyt
96,3bUpRf4GN6SV6ejgQ4IQxT
96,0oP0VrPXuPmfSSvQFwepJI
96,4XDpeWqPADoWRKcUY3dC84
96,2c06k72cZ1oUwh3xv1hxG4
97,6HFywc5eQYRRYHYTatCb5Y
97,3cWmqvMwVQKDigWLSZ3w9h
97,4U1wiRcBOsDvxFbw0hJgq7
97,25jgQBxuUkGDdCG1WGKKN9
97,5VA4Ispp52EA1sOqzMz3Av
97,3TRWJr4S3evnXhXtJ304MC
97,0qksx8mV28lztYIZ1om8ml
97,0blbSxZHy1pPxAB2ZZLx9E
97,4NGS3j6JmOx6VUaXt6VQbj
97,2PeB3kosc35XamDfXy3eAc
97,0rNgWFQJtfttOYIHfDOHCg
97,72cGBEqu7RitIOoACXYjfR
97,3MptiayBkOJblyC8geSXPE
97,3yCbyUcF1Oq55rUH8VbzCc
97,2e2AXpIiJpet5b4qg85Gh6
97,4qzoHxgp42ylb18ga1SWTL
97,0z2bufPrU83RRPRaboj3B7
97,7F9cT6hIRhnFCYP6GKS0tf
97,6VfL3MEuYeJbDlD8m011HR
97,2QP041AcWg8PwPIWP95RKN
97,6iC3L3YmAkGucvJbXKDanA
97,7nzsY8vlnKdvGOEE0rjAXZ
97,50QWBrZFAhD6N4B0tbfET9
97,4PdLaGZubp4lghChqp8erB
97,1YnChEM51BVZ5dRhbVFEMl
97,35kahykNu00FPysz3C2euR
97,2NGGvVcfb2m2NbVaXHC3gb
97,5fSZXFOZfPVW9gvnnG4ZVW
97,2yazRoolWXk58jAmKgxcDd
97,7KXjTSCq5nL1LoYtL7XAwS
97,5xIDCYGTyLaDkiaaulVPcJ
97,2DlHlPMa4M17kufBvI2lEN
97,05oC2UvKDcx0cY2wg9gzKC
97,7xeh81c3bxTgqUgy2WN56u
97,7iiULg8Kmbnh1vWbh9rnBA
97,3lG6OtGDsYAOALxEmubQQm
98,7qEHsqek33rTcFNT9PFqLf
98,3JjnGLK8IxkNLvo8Lb3KOM
98,46s57QULU02Voy0Kup6UEb
98,62wtttQzoIA9HnNmGVd9Yq
98,07UFnnK3uPIuKv5Rs9TmXl
98,3GKSfF6c3Rv3a1knSjxnXa
98,5LW4Z3Mz4CUliB4b6YyC7K
98,2kYevr8cbIAH2ha8210Bnz
98,045ZeOHPIzhxxsm8bq5kyE
98,09UBWllfFyJthRw8c5Y13Q
98,7io19rjxOFu3pGuZgBI6Pk
98,3SH1vOTwgg5Ma1NhHaXvrA
98,3Dp4oOTPnfcRhy8bnXl0RP
98,3A4cpTBPaIQdtPFb5JxtaX
98,1mUTpDe3E8pML637zOFL5D
98,1rmEsOezwf2lmIZTMAO5Ag
98,3S8jK1mGzQi24ilFb45DAZ
98,2XjoHA58XD0t3qye8bYGU8
98,3bwvtkLyVe7YWrKRlViloR
98,5UgsZiYk1lkEobuPHmRtWm
98,3Dv1eDb0MEgF93GpLXlucZ
98,2LTlO3NuNVN70lp2ZbVswF
98,3lG6OtGDsYAOALxEmubQQm
98,4t2OeILB07eMGTXSUbMPEu
98,7yfg0Eer6UZZt5tZ1XdsWz
98,2gzLHBLh9IWhswffneqHbl
98,32SGaEtLE6u7t8tQ83O0nY
98,7J1dIWmxJoC0hhGFiFWy0s
98,2PDQReEXBViVwkrbQ34vd7
98,3dVLKe2i0nZmtOBBWBw9j4
98,6DEMMeWXfmFAXgDUMMzeg6
98,49fAstHTYCiXuPR8mN7wFT
98,2PPN1HFpVotjq7oJIqQbnx
98,2O99aywAVBhaPrsiJ6zbSS
98,7MjSipTto9QljYzZnloXOn
98,6K4Co1NQyOnoFEJMkZHkln
98,7sA2SKTo1QbTSSYn5YvJC4
98,7CCuorx4vpWM7zdoDlvtdu
99,3IkEM7cjZ8FZtmVFq1q03c
99,1zejeOnykpCoyVSit6Bwp3
99,5NThOInQkmb3j4CiOuFqdJ
99,02lWbJ8NQ7IZGuNGfG34tE
99,6SYSu569pfYdkDT9A5lZqi
99,5A0M6B0RBSXSNWv0wcppZ9
100,5Oc0vVCEHfBvQ26H4a8qcY
100,4Kwe1rdF9fnnOcGO5Pft6V
100,6VzV6RI7641o57TuqfGRpj
100,2sQQoKCgurzsqcGpKXa8kp
100,4ZNKaE8fcrtDPsRK8RkQIs
100,6xV7Be6XEvkSnighmh2Tzj
100,2ZRo7axmMPeSVUvDbGkJah
100,799KrpEbhZp0MHeiA8YK9P
100,0KtV18BLmyIOYHCSISmVl9
100,4QNpBfC0zvjKqPJcyqBy9W
100,2a1JSfTePKhysdIif2bzut
100,6r7ULK6c5CLVvImjTIztl1
100,3MptiayBkOJblyC8geSXPE
100,23XjN1s3DZC8Q9ZwuorYY4
100,2Uts1QFB4u2YNIMiqcb4de
100,3yhVmOZSpZqnhRrEiYI0EJ
100,5NFYuqu8V6QXc6mzcLImd6
100,7FOgcfdz9Nx5V9lCNXdBYv
100,3z92w2yRpuxxlR11EfJye3
100,6AId2aKm8d23lG0TNMYxwm
100,5T7ZFtCcOgkpjxcuaeZbw0
100,6HrALJOMsfPCCbUo5cJCON
100,55XOUxXsBBbC07PD3Zml3F
100,4ZLYmhOdNGMxTW4rMIiyAT
100,3FbMtvXMcjmuAzlAhgwK0I
100,6taHwllEzlP3ckIoQ1CTmn
100,75ZvA4QfFiZvzhj2xkaWAh
100,49MHCPzvMLXhRjDantBMVH
100,1BxfuPKGuaTgP7aM0Bbdwr
101,44tGQHHdm4JhCbMugPr2Vd
101,1BViPjTT585XAhkUUrkts0
101,2IOFZdYYkFxEHVz1w34PoL
101,1nXZnTALNXiPlvXotqHm66
101,5YqltLsjdqFtvqE7Nrysvs
101,5ooilrQAnOJbUjq7IDm8lY
101,1kga1HtTWs6Jv6kTKieN6m
101,6QT6j7rKt7Vk3IuV2AUO9W
101,1HAy3OuIEMm7ArA4Ec52ym
101,1agDCV4zQqaFwJQNsTgmL1
101,6LUfuyLgvgqrykiTE6sJHY
101,4Kwe1rdF9fnnOcGO5Pft6V
101,3hgl7EQwTutSm6PESsB7gZ
101,3H3qBumaYj67PT3aMEBvAP
101,1v7ptGUBS2DbbRmfIG0hU2
101,7Jd5LgnSRQElW6FsTWVPzE
101,3XOHxCoPkXW0pvR6xl4f0M
101,0xSF7iHZQxaZYMAiBfobms
101,0wfbD5rAksdXUzRvMfM3x5
101,7eTv2OTr3aY5iKtFdBusoA
101,51EC3I1nQXpec4gDk0mQyP
101,1foMv2HQwfQ2vntFf9HFeG
101,1HbcclMpw0q2WDWpdGCKdS
101,0nnwn7LWHCAu09jfuH1xTA
101,6xRG0mGtTLvJDFnytx1eoj
101,7J67Boe7skkGlM5HCy3JHR
101,2r9CbjYgFhtAmcFv1cSquB
101,1NeLwFETswx8Fzxl2AFl91
101,1XBg3rmlUnUgXqZX7DacOq
101,6I9MNXKYoZMhY26iDBn5Bu
101,4ZLYmhOdNGMxTW4rMIiyAT
101,5673WA8EEUSPx1ir26lhGW
101,1XJQ7xI6jzcZybuHemxsPP
101,0sdbFOyfgAhAhWq8DpzkaW
101,2skzofTV9Ys3eN70pghEHL
101,3A4cpTBPaIQdtPFb5JxtaX
101,142PiXzA84lmEw2RstFHFa
102,3SsJ17EnPIu1B4GZshqjIS
102,5TRPicyLGbAF2LGBFbHGvO
102,5b4r2u2cTLeVNvbi2jCley
102,6Xb2iLlSfxsvOjM3J5y0dD
102,6uENbhewy5FL4lQ0gRZWzD
102,4j4w4CXm6BSr0s25wAWrrX
102,1nWyUagJmVzvBGTMDeY73L
102,3rZpsB07jU84a0LvMTGJ8L
102,2MjQmsRAUArE2GDwjsVew3
102,1a0PcmEJAOEp4ZT3YtSLkM
102,1dm6z1fWB0cErMszU25dy2
102,6lrDckuosGpwEHtm1hHBcf
102,2avmc6AW7RbsYOC77jJhmi
102,3fO566xJgwxIa3qGCGBvIC
102,36t9gWH3NGsrjP9jlaK1Dw
102,3aZptNYC6Z1YoumeqZcDcQ
103,4hER09z0ayZMD1bERzpcoY
103,5HY7oAMG0FSMewubwIf3iS
103,61xjj1xvLBn43Jn2E3RzbB
103,1OjiYjgPZyxS0AiXiSnuYI
103,5aHHf6jrqDRb1fcBmue2kn
104,4xR3MAscflQ262kMeiKshQ
104,1tHRctr0AkO4WdzT1GN7ZP
104,5ImJTOd6BMsvwuRgnlmyr7
104,3OevAJaJmLNY1PKK1b18bz
104,5mHdCZtVyb4DcJw8799hZp
104,2rRQYSgTCkLWFvMXYhEpfE
104,40gvh6jP5qxMJuMmF9lG9A
104,1oAwsWBovWRIp7qLMGPIet
104,1kbEbBdEgQdQeLXCJh28pJ
104,3kx21xR6IboC9HVdajgBoc
104,42opfOB0VjHYB91sYjmtOM
104,7C1BLYzAvR0KdBpov3GpUZ
104,1rFH4TZS38gkcLcW02bEm7
104,3bNv3VuUOKgrf5hu3YcuRo
104,71AVxv9fJVgGpGZIGcxud3
104,43y1WpBdnEy5TR9aZoSQL9
104,5A7eooPKJHtr0UJmatjH4a
104,7nWui6jiMM2m9qFmET1Mtj
104,3aZptNYC6Z1YoumeqZcDcQ
104,6XYbMGvtl6tlPoGWaiH7EY
104,0GLfodYacy3BJE7AI3A8en
104,3HCcfBsa4TdiC0so0fPnRi
104,6jypaMkKsoc5npsVzxhksl
105,2LTlO3NuNVN70lp2ZbVswF
105,6vSRW8utiYAdoCfJG2v86r
105,7JEzAlwHhCD2M1cYE6BeqJ
105,2Na0z2gfN67Rzf0vp74Wi3
105,4EndPA8b6FDWYp1RgsnLEB
105,4Fm1GxOXJEiJQ3z6LCQbSP
105,2dfHh7ECGxfNqZTQno09Vk
105,7wJkgAZNkRMQz1FOMS5z6Y
105,5KtvumPgVZmt8wg9xONE0T
105,5b2FFKC64kxqcfaFnIZxoM
106,6i6whmV36EJmxs5zFahMrb
106,6ok4IyXcJQekEeSlBjcI9Y
106,1rQEgtQNsj63xIUzEmKbML
106,7Cz3jTJOZkwU0WCKBTDWLP
106,79x7xtoCLpf6l32Zz6mWo4
106,5WEF0icHWmAZBBMglBd599
106,1dFnMC9NlHVUE4rlT5vr83
106,2yg9UN4eo5eMVJ7OB4RWj3
106,7DKS0rX27cCEPsK0R6tFWS
106,5xoYormSTltk6F9SlQV6mm
106,4tiWlKXUB47UpAXqpfoJn4
106,2O3l4X1yTua8oMMCtazkyo
106,0t2Y8BKBhtHQTOW7nzyIc0
106,3fpVWegR6YOS1Yk5HSMYIq
106,7snQQk1zcKl8gZ92AnueZW
106,7MtVPRGtZl6rPjMfLoI3Lh
106,3GVkPk8mqxz0itaAriG1L7
106,4YSOlJJoFu4vfZYJUiewl9
107,5p3NP9mQblDsVJLdfNZJ3I
107,4vqwVaEqLNWo3UXhQi5IFH
108,4ygNJLjf6J6X91VPExX0Ee
108,3eXD0T03uagqzxzzX1vQbh
108,17phhZDn6oGtzMe56NuWvj
108,2KhrPRV0V1FS2l4eQMJUWt
108,5QO79kh1waicV47BqGRL3g
109,6Z01gUquJsjJC67uNWm6P0
109,3UoULw70kMsiVXxW0L3A33
109,6W9l02gRsXVxzIuQC1oc1X
109,4XmQMFVOdI7dstMgmhThyJ
109,717s9KFmHhyy5t3xkStS56
109,3mvYQKm8h6M5K5h0nVPY9S
109,5QhJorJmjqYfETfqgBtGg3
109,3eX0NZfLtGzoLUxPNvRfqm
109,4eLDmhsJW3JoZTXCAozHor
109,77UjLW8j5UAGAGVGhR5oUK
109,0vtgMfyOVM2Y97DcVVJw3m
109,1CPZ5BxNNd0n0nF4Orb9JS
109,3rCNmRonlHN1TXQLcG3dSk
109,4KYS9GK68yeuUJ8vJfPxrq
109,1K6oXSGIexEyNnv2cS6vKr
109,0k0GtcnyQLMiXrdEDbLXmJ
109,4CjuGBDMwSDpjzWtWINN5g
109,65G4Ib3w7tgLjUkO5GseN0
109,1Ci4wASMY4xtKVMeHA6Sd5
109,4sWQbsLLH2NEbO79DSZCL9
109,5lr2072k2rWqaBNcOD8cPo
109,5qbhVL3vB7HwWvb0042B7y
109,67nepsnrcZkowTxMWigSbb
109,6cBoE74D5BsIfHVIm2e7vj
109,1jOLTO379yIu9aMnCkpMQl
109,5JhgHKSGGxsAaDJAiLP8OW
109,3WQ5w7ruC3c861lHXF9Gs2
109,0SKJtq3JoXs7A3UjaNLKWJ
109,6Y9DeC4Z9R9scRPg7r11pl
109,6FBPOJLxUZEair6x4kLDhf
109,3ExgWVPWOQts9RVBkqpdic
109,66h8hB4In6t725WtAPL23J
109,40gvh6jP5qxMJuMmF9lG9A
110,6BJbOXDlgVAXSaq6wYFYT2
110,4Msr8L0gHGDsLSBlk7pSPU
110,3Qwd9wK176KgmorU7fCW6S
110,6Q3lFQgpvhA9VApFKLFZtZ
110,3YkNIrAvbKNrrwwEd7NVLl
110,76Ug1q4l6rGwJ2ubV5wh3X
110,2vQwlW8H1jFveGNXwZfJCV
110,0R23grfg7MaNE9TUpNNQUU
110,7yfg0Eer6UZZt5tZ1XdsWz
110,4bvqIVboftRLtgT8WBOXCI
110,0YbI9lWxUBsCJLb6EBydkr
110,1X9hG9ChkrwhViamDCZTy9
110,3GCdLUSnKSMJhs4Tj6CV3s
110,30C1FoJzEhNUILsxghioGz
110,0InIeZW4P6VO7dUGRM4AKH
110,0oP0VrPXuPmfSSvQFwepJI
110,3bnVBN67NBEzedqQuWrpP4
110,5Ma3BlNVDtn3JiwMEafSaq
110,0rUNZQuYQvOz6A6zwyT6tM
110,4rAg5bbrdZX00mXXhLvYXj
110,46tv0OqV2s15z2Jvb2E1fe
110,5xbrhx2tMMcN68IT3cJbhS
110,177WEvlLsCc0FzCTWslawr
110,5JhgHKSGGxsAaDJAiLP8OW
110,104KjF0t9EnlFOoxGLxiSQ
110,0tQ9vBYpldCuikPsbgOVKA
110,6qj02zSeEJGWZ4c0dn5QzJ
110,4Hr713a1f4DUOZ7BPuD0PQ
110,3SH1vOTwgg5Ma1NhHaXvrA
110,5q0EXnBYyeCdXD72FzJxH0
110,6LuooOeUu4NOjkVOiT5CdS
110,5Psnhdkyanjpgc2P8A5TSM
110,72PVbRKkUimweUPV0nKAPs
110,71jWljGDgSEpsa1LA5LHSg
110,4CYTQpr2jc4uBScYvpEK2w
110,52RK8UVEDgUAgpecOpTQM3
110,1KixkQVDUHggZMU9dUobgm
110,5Wt2UAS92w2ZyDqX2dOEBg
110,6pZHZndlo57dPCYnvlYFOE
110,7AvprzMsRJpybaalckaT8c
110,5MAY7XyW322jMwLDtBQgsZ
110,6SznMYPQJHzr3IwsAHLId2
110,1dGr1c8CrMLDpV6mPbImSI
110,6n3HGiq4v35D6eFOSwqYuo
110,7gS9H5JtkJZgUZBq5mWY4P
110,24FUBxaAYSBlWsbSnEzDcn
110,2nvC4i2aMo4CzRjRflysah
110,2jfxh4Rh0IVnoh8052SeQe
110,0Ed7MeXx64f6OcIuoTRCg1
111,6wHpLMmp98aHcV8L1JFrj8
112,28xOPIPw0joNPwYd0asIT5
112,4J7CKHCF3mdL4diUsmW8lq
112,6EUfOXUQtIAHKkBBOqMS2w
112,4OSBTYWVwsQhGLF9NHvIbR
112,5XpcTQlNnfIQbiWE4hvYo7
112,0Nd3baD6mxMc4PNW59WXWP
112,1Q7EgiMOuwDcB0PJC6AzON
112,5GVPVxgdgTKJFxSxLVIw1A
112,2CtaTmkRB7csW9XAZbWHDq
112,7ERcLgXeNSWG3ktsgaH56i
112,5YeHLHDdQ4nKHk81XFWhCU
112,2xO7KzOYMUmBOM1GvbgRBO
112,5DRS7YEe1bwGJLDGviT3CD
112,17IBDpAl3J39swaoPlfGpp
112,1C7NXX8UJ6pgNx8EkmyZDd
112,7v12ia1PFVN9jSgU43rJnS
112,4K06PO78fW4mnBVenxGNob
112,7dhCEmObPAQ6dLSjgpmHUm
112,2SUxn2O9NHL6GHGQFgwCY0
112,25A1RmT5eh7C99KXfESRj5
112,4giCxIFPZNQIP4bIZM4sqH
113,24nhOvYX2gk3txBbMzXeUB
113,1ExfPZEiahqhLyajhybFeS
113,3H3cOQ6LBLSvmcaV7QkZEu
113,3UZSZV80iBxSeEOpXgO4FD
114,0VE4kBnHJUgtMf0dy6DRmW
114,2VtgzixdB967bHDNu5A1nh
114,2De1EHbIhepIVLHZ16bySE
114,5KJUqkXzzwEkoTuIL4EYEI
115,53v2u51nq3CxiKUNphRzP1
115,7k51pIqTGEHHZOnpI11Qq2
115,13nQ70PnhDnTkYqCmdg3sy
115,4lhqb6JvbHId48OUJGwymk
115,5TGYo4MrNKqIvJqgx134py
115,2hw47GMKL6LXwp5BJgPxXf
115,7cMFjxhbXBpOlais7KMF3j
115,10r6fXqVFUfARiEswa4wqV
115,5bQLsyTrUaMQRfr6whwGe5
115,5kVZxyMY1gfdCLiChsfjn1
115,1KuVEZR4xuQVNr1KkanAV4
115,3i058E8uxTsYqJ5NWZzqSj
115,5A0M6B0RBSXSNWv0wcppZ9
115,5wPyd3IQAZft1vmxoIqGrU
115,11qPHlha5H2Rc1qOdKJ3p9
115,5sVrb7EJxs2LriI1m3KuX2
115,2avKuMN2QXkaG9vvHa2JLt
115,6WEXy56jM0Nl3bZHY9l7aH
115,32FhTAAjKZaBein150o3Px
115,7xc099k9eFT6H47ZhkI4zT
115,5MnPcgXz4RXqx09nIqvHKX
115,1tZcw7GtIqviL32bzaKdSo
115,4E63weMCaNZuGPEFMnuEi8
115,6OIfNeHcpEHZ6z8OgEtoen
115,5RePVWy39tLpHH0WwXgBsK
115,3bG0XMhDTUoMkAV2pFAbNb
115,17IBDpAl3J39swaoPlfGpp
115,0XkZmBCCcdMY0EPY8ij6Gb
115,2QQ2BHrWAPVQz1LZOesXp8
115,2CSRrnOEELmhpq8iaAi9cd
115,5KJUqkXzzwEkoTuIL4EYEI
115,5fQBa4wkmq28xpSLOQ202K
115,4nrTw6teGIWRvc929Ap2wM
115,2v0AG62ZHtD3I4YmTb3WYM
115,66mVPWmFvXPFf8pjK5ttOW
115,25uMKq5kygC2woAfeetEfE
115,4EndPA8b6FDWYp1RgsnLEB
115,2BACqEbfDpPMOO7xhSOz2B
115,1Se0r96r0gnqg67kJPmESc
115,6dTA6y0C2ReQklntzZl8l3
115,72EqPCCpe79JBwtLlVsdZ6
115,3HWDWyIqWuLsTHECx9DvXF
115,2jTujnt0y344ai1rNOywgr
115,2gyxAWHebV7xPYVxqoi86f
115,45zLrK0668WQ5JFMyiYmCS
115,3a6PN6BRB8PP3ms48s7kU1
116,3yBx8j3hVNawnmlrBf3EHR
116,6HU7h9RYOaPRFeh0R3UeAr
116,0Zh3tKIphLOvQux4dA6PFZ
116,0XRJc66Gcvq8F98KE1TXD8
116,56PcHo7KZjdziz0gg3PhdF
116,27mgDrExPa3obPAYXd3yQg
116,0mflMxspEfB0VbI1kyLiAv
116,19m3E0nMZobyA93AxMXC32
116,7wBJfHzpfI3032CSD7CE2m
116,0v8J17a6cO0wWp7z731GTd
116,5ONOlTiqymhzwcFjqcIT6E
116,7FmYn9e7KHMXcxqGSj9LjH
116,1rKQjUhF9zFJmuUotr3VkV
116,4JWJ5BFdXnyV7BzTLj7dfJ
116,0jcaePBlr0xfsBn3RMiF2x
116,3zupOUPEG7UHTXATfkZJKF
116,2QjOHCTQ1Jl3zawyYOpxh6
116,55mQhobuwtY7lfLAXylg1k
116,4LpUpiYoZ2M3Z1kmhn4EQo
116,5ExOm0dh4NyRyAdSAO9hyM
116,6GeD5g9vZTz25Egf8kxoIY
116,3LeculfKPn460tPKpW3iRy
116,4xXLSKNYTHLN00eZEzbqLr
116,7AbqgE05nFl9qY4FRUiq2p
116,24FUBxaAYSBlWsbSnEzDcn
116,2LlQb7Uoj1kKyGhlkBf9aC
116,5uYqmEN6TAAE8ss8YmprNV
116,4PPLJAEYBSOcnzr9TZoqf9
117,2IOFZdYYkFxEHVz1w34PoL
117,5RpGHqlGHRTGWzNPBKW08D
117,4ZOkfHC38nxSeSqzGE5HFr
117,4lqJsJd7kqWVvamQ4aFHA8
117,2nnRa7sSls2t9zf7x4zCNq
118,68cUJFq7aAbgeurngTmngL
118,20Xtv4fo9ClcgwEGVrdviG
118,3y4q6bBdbXsTIaPiwiiUfy
118,34hCuaKq1l0BIPFlewPD4R
118,3aJkV6DUTSCqOwVwaBDG9B
118,4jaNeCjRjTCekyaErvjnRX
118,5vUwvYW5fpHrwHfirVpkHn
118,3NW2NRsPJfA4moQ0UhxlZk
118,0phoKTAvwe0pL1yBdKIucn
118,2S8xyNRJX1XQdo3qnTuovI
119,4aha3sFO6kTx0Jq4Fp5b3y
119,3TO7bbrUKrOSPGRTB5MeCz
119,1zB4vmk8tFRmM9UULNzbLB
119,70uktTEq3AiRQAtqdl20qG
119,5KD6AEm19QnMbfWpfoOHMl
119,4uyBm26e7ElRigCH6vRbpc
119,1n4jwRVXdkK2U34nBDUKKT
119,30Y4CV7A6YqtQtTTo7Ue4j
119,62vnEvCZfUj9Xzg9Zw9sqy
119,0dyWQoMOU9oERL6c9vxtRp
119,0I6ZBVBb7DXfjVVCM0NmSQ
119,23XjN1s3DZC8Q9ZwuorYY4
119,08TlJDuwdzkp51zi0O9biO
119,68qeaZhtMZ6abrJCYt6nQn
119,1qKCO2Tocwg8CbepJ9uDtd
119,3WlbeuhfRSqU7ylK2Ui5U7
119,6twW4ma6w0mOeejejPK0nY
119,2ZWlPOoWh0626oTaHrnl2a
119,0uQhDYHyoZe5DpncrPolb6
119,7xdRj1wA4XzYnXynPmtmnq
119,3hwQhakFwm9soLEBnSDH17
119,0xyWkRMb09qdCDhloehCsi
119,6AtZLIzUINvExIUy4QhdjP
119,7d6yK8v8J484SWH5prIQiE
119,5hM5arv9KDbCHS0k9uqwjr
119,2PFKctZAGvZvI7tS8gmP5n
120,0B0tYbVp7pDQAqKDhgMeaL
120,51QEyJI5M7uyd8DOh9tqQY
120,1jiFg1lHo4DezwMpR9ktwC
120,1YnChEM51BVZ5dRhbVFEMl
120,19m3E0nMZobyA93AxMXC32
120,3o0nsMGWZMpp3GOEZkVuSR
120,7zwn1eykZtZ5LODrf7c0tS
120,4LpUpiYoZ2M3Z1kmhn4EQo
120,0UW7mAWldtWsfVrlFWYYWh
