playlist_id,playlist_name,created_at,updated_at
1,user1_mix_1,2025-11-14 11:55:09,2025-11-14 11:55:09
2,user1_mix_2,2025-11-14 11:55:09,2025-11-14 11:55:09
3,user1_mix_3,2025-11-14 11:55:09,2025-11-14 11:55:09
4,user1_mix_4,2025-11-14 11:55:09,2025-11-14 11:55:09
5,user1_mix_5,2025-11-14 11:55:09,2025-11-14 11:55:09
6,user1_mix_6,2025-11-14 11:55:09,2025-11-14 11:55:09
7,user1_mix_7,2025-11-14 11:55:09,2025-11-14 11:55:09
8,user1_mix_8,2025-11-14 11:55:09,2025-11-14 11:55:09
9,user1_mix_9,2025-11-14 11:55:09,2025-11-14 11:55:09
10,user1_mix_10,2025-11-14 11:55:09,2025-11-14 11:55:09
11,user2_mix_1,2025-11-14 11:55:09,2025-11-14 11:55:09
12,user2_mix_2,2025-11-14 11:55:09,2025-11-14 11:55:09
13,user2_mix_3,2025-11-14 11:55:09,2025-11-14 11:55:09
14,user2_mix_4,2025-11-14 11:55:09,2025-11-14 11:55:09
15,user2_mix_5,2025-11-14 11:55:09,2025-11-14 11:55:09
16,user2_mix_6,2025-11-14 11:55:09,2025-11-14 11:55:09
17,user2_mix_7,2025-11-14 11:55:09,2025-11-14 11:55:09
18,user2_mix_8,2025-11-14 11:55:09,2025-11-14 11:55:09
19,user3_mix_1,2025-11-14 11:55:09,2025-11-14 11:55:09
20,user3_mix_2,2025-11-14 11:55:09,2025-11-14 11:55:09
21,user3_mix_3,2025-11-14 11:55:09,2025-11-14 11:55:09
22,user3_mix_4,2025-11-14 11:55:09,2025-11-14 11:55:09
23,user4_mix_1,2025-11-14 11:55:09,2025-11-14 11:55:09
24,user4_mix_2,2025-11-14 11:55:09,2025-11-14 11:55:09
25,user4_mix_3,2025-11-14 11:55:09,2025-11-14 11:55:09
26,user4_mix_4,2025-11-14 11:55:09,2025-11-14 11:55:09
27,user4_mix_5,2025-11-14 11:55:09,2025-11-14 11:55:09
28,user4_mix_6,2025-11-14 11:55:09,2025-11-14 11:55:09
29,user4_mix_7,2025-11-14 11:55:09,2025-11-14 11:55:09
30,user4_mix_8,2025-11-14 11:55:09,2025-11-14 11:55:09
31,user5_mix_1,2025-11-14 11:55:09,2025-11-14 11:55:09
32,user5_mix_2,2025-11-14 11:55:09,2025-11-14 11:55:09
33,user5_mix_3,2025-11-14 11:55:09,2025-11-14 11:55:09
34,user5_mix_4,2025-11-14 11:55:09,2025-11-14 11:55:09
35,user5_mix_5,2025-11-14 11:55:09,2025-11-14 11:55:09
36,user5_mix_6,2025-11-14 11:55:09,2025-11-14 11:55:09
37,user5_mix_7,2025-11-14 11:55:09,2025-11-14 11:55:09
38,user5_mix_8,2025-11-14 11:55:09,2025-11-14 11:55:09
39,user6_mix_1,2025-11-14 11:55:09,2025-11-14 11:55:09
40,user6_mix_2,2025-11-14 11:55:09,2025-11-14 11:55:09
41,user6_mix_3,2025-11-14 11:55:09,2025-11-14 11:55:09
42,user6_mix_4,2025-11-14 11:55:09,2025-11-14 11:55:09
43,user6_mix_5,2025-11-14 11:55:09,2025-11-14 11:55:09
44,user6_mix_6,2025-11-14 11:55:09,2025-11-14 11:55:09
45,user7_mix_1,2025-11-14 11:55:09,2025-11-14 11:55:09
46,user7_mix_2,2025-11-14 11:55:09,2025-11-14 11:55:09
47,user7_mix_3,2025-11-14 11:55:09,2025-11-14 11:55:09
48,user8_mix_1,2025-11-14 11:55:09,2025-11-14 11:55:09
49,user8_mix_2,2025-11-14 11:55:09,2025-11-14 11:55:09
50,user8_mix_3,2025-11-14 11:55:09,2025-11-14 11:55:09
51,user8_mix_4,2025-11-14 11:55:09,2025-11-14 11:55:09
52,user8_mix_5,2025-11-14 11:55:09,2025-11-14 11:55:09
53,user8_mix_6,2025-11-14 11:55:09,2025-11-14 11:55:09
54,user8_mix_7,2025-11-14 11:55:09,2025-11-14 11:55:09
55,user9_mix_1,2025-11-14 11:55:09,2025-11-14 11:55:09
56,user9_mix_2,2025-11-14 11:55:09,2025-11-14 11:55:09
57,user9_mix_3,2025-11-14 11:55:09,2025-11-14 11:55:09
58,user9_mix_4,2025-11-14 11:55:09,2025-11-14 11:55:09
59,user9_mix_5,2025-11-14 11:55:09,2025-11-14 11:55:09
60,user9_mix_6,2025-11-14 11:55:09,2025-11-14 11:55:09
61,user9_mix_7,2025-11-14 11:55:09,2025-11-14 11:55:09
62,user10_mix_1,2025-11-14 11:55:09,2025-11-14 11:55:09
63,user10_mix_2,2025-11-14 11:55:09,2025-11-14 11:55:09
64,user10_mix_3,2025-11-14 11:55:09,2025-11-14 11:55:09
65,user10_mix_4,2025-11-14 11:55:09,2025-11-14 11:55:09
66,user10_mix_5,2025-11-14 11:55:09,2025-11-14 11:55:09
67,user10_mix_6,2025-11-14 11:55:09,2025-11-14 11:55:09
68,user10_mix_7,2025-11-14 11:55:09,2025-11-14 11:55:09
69,user10_mix_8,2025-11-14 11:55:09,2025-11-14 11:55:09
70,user10_mix_9,2025-11-14 11:55:09,2025-11-14 11:55:09
71,user11_mix_1,2025-11-14 11:55:09,2025-11-14 11:55:09
72,user11_mix_2,2025-11-14 11:55:09,2025-11-14 11:55:09
73,user11_mix_3,2025-11-14 11:55:09,2025-11-14 11:55:09
74,user11_mix_4,2025-11-14 11:55:09,2025-11-14 11:55:09
75,user11_mix_5,2025-11-14 11:55:09,2025-11-14 11:55:09
76,user12_mix_1,2025-11-14 11:55:09,2025-11-14 11:55:09
77,user12_mix_2,2025-11-14 11:55:09,2025-11-14 11:55:09
78,user12_mix_3,2025-11-14 11:55:09,2025-11-14 11:55:09
79,user12_mix_4,2025-11-14 11:55:09,2025-11-14 11:55:09
80,user12_mix_5,2025-11-14 11:55:09,2025-11-14 11:55:09
81,user12_mix_6,2025-11-14 11:55:09,2025-11-14 11:55:09
82,user12_mix_7,2025-11-14 11:55:09,2025-11-14 11:55:09
83,user12_mix_8,2025-11-14 11:55:09,2025-11-14 11:55:09
84,user12_mix_9,2025-11-14 11:55:09,2025-11-14 11:55:09
85,user13_mix_1,2025-11-14 11:55:09,2025-11-14 11:55:09
86,user13_mix_2,2025-11-14 11:55:09,2025-11-14 11:55:09
87,user13_mix_3,2025-11-14 11:55:09,2025-11-14 11:55:09
88,user14_mix_1,2025-11-14 11:55:09,2025-11-14 11:55:09
89,user14_mix_2,2025-11-14 11:55:09,2025-11-14 11:55:09
90,user14_mix_3,2025-11-14 11:55:09,2025-11-14 11:55:09
91,user14_mix_4,2025-11-14 11:55:09,2025-11-14 11:55:09
92,user14_mix_5,2025-11-14 11:55:09,2025-11-14 11:55:09
93,user15_mix_1,2025-11-14 11:55:09,2025-11-14 11:55:09
94,user17_mix_1,2025-11-14 11:55:09,2025-11-14 11:55:09
95,user17_mix_2,2025-11-14 11:55:09,2025-11-14 11:55:09
96,user17_mix_3,2025-11-14 11:55:09,2025-11-14 11:55:09
97,user17_mix_4,2025-11-14 11:55:09,2025-11-14 11:55:09
98,user17_mix_5,2025-11-14 11:55:09,2025-11-14 11:55:09
99,user17_mix_6,2025-11-14 11:55:09,2025-11-14 11:55:09
100,user17_mix_7,2025-11-14 11:55:09,2025-11-14 11:55:09
101,user18_mix_1,2025-11-14 11:55:09,2025-11-14 11:55:09
102,user18_mix_2,2025-11-14 11:55:09,2025-11-14 11:55:09
103,user18_mix_3,2025-11-14 11:55:09,2025-11-14 11:55:09
104,user18_mix_4,2025-11-14 11:55:09,2025-11-14 11:55:09
105,user18_mix_5,2025-11-14 11:55:09,2025-11-14 11:55:09
106,user18_mix_6,2025-11-14 11:55:09,2025-11-14 11:55:09
107,user18_mix_7,2025-11-14 11:55:09,2025-11-14 11:55:09
108,user19_mix_1,2025-11-14 11:55:09,2025-11-14 11:55:09
109,user19_mix_2,2025-11-14 11:55:09,2025-11-14 11:55:09
110,user19_mix_3,2025-11-14 11:55:09,2025-11-14 11:55:09
111,user20_mix_1,2025-11-14 11:55:09,2025-11-14 11:55:09
112,user20_mix_2,2025-11-14 11:55:09,2025-11-14 11:55:09
113,user21_mix_1,2025-11-14 11:55:09,2025-11-14 11:55:09
114,user21_mix_2,2025-11-14 11:55:09,2025-11-14 11:55:09
115,user22_mix_1,2025-11-14 11:55:09,2025-11-14 11:55:09
116,user22_mix_2,2025-11-14 11:55:09,2025-11-14 11:55:09
117,user22_mix_3,2025-11-14 11:55:09,2025-11-14 11:55:09
118,user22_mix_4,2025-11-14 11:55:09,2025-11-14 11:55:09
119,user22_mix_5,2025-11-14 11:55:09,2025-11-14 11:55:09
120,user22_mix_6,2025-11-14 11:55:09,2025-11-14 11:55:09
121,user22_mix_7,2025-11-14 11:55:09,2025-11-14 11:55:09
122,user23_mix_1,2025-11-14 11:55:09,2025-11-14 11:55:09
123,user23_mix_2,2025-11-14 11:55:09,2025-11-14 11:55:09
124,user23_mix_3,2025-11-14 11:55:09,2025-11-14 11:55:09
125,user23_mix_4,2025-11-14 11:55:09,2025-11-14 11:55:09
126,user23_mix_5,2025-11-14 11:55:09,2025-11-14 11:55:09
127,user23_mix_6,2025-11-14 11:55:09,2025-11-14 11:55:09
128,user23_mix_7,2025-11-14 11:55:09,2025-11-14 11:55:09
129,user23_mix_8,2025-11-14 11:55:09,2025-11-14 11:55:09
130,user24_mix_1,2025-11-14 11:55:09,2025-11-14 11:55:09
131,user24_mix_2,2025-11-14 11:55:09,2025-11-14 11:55:09
132,user24_mix_3,2025-11-14 11:55:09,2025-11-14 11:55:09
133,user24_mix_4,2025-11-14 11:55:09,2025-11-14 11:55:09
134,user24_mix_5,2025-11-14 11:55:09,2025-11-14 11:55:09
135,user25_mix_1,2025-11-14 11:55:09,2025-11-14 11:55:09
136,user25_mix_2,2025-11-14 11:55:09,2025-11-14 11:55:09
137,user25_mix_3,2025-11-14 11:55:09,2025-11-14 11:55:09
138,user25_mix_4,2025-11-14 11:55:09,2025-11-14 11:55:09
139,user25_mix_5,2025-11-14 11:55:09,2025-11-14 11:55:09
140,user25_mix_6,2025-11-14 11:55:09,2025-11-14 11:55:09
141,user25_mix_7,2025-11-14 11:55:09,2025-11-14 11:55:09
142,user26_mix_1,2025-11-14 11:55:09,2025-11-14 11:55:09
143,user26_mix_2,2025-11-14 11:55:09,2025-11-14 11:55:09
144,user26_mix_3,2025-11-14 11:55:09,2025-11-14 11:55:09
145,user26_mix_4,2025-11-14 11:55:09,2025-11-14 11:55:09
146,user26_mix_5,2025-11-14 11:55:09,2025-11-14 11:55:09
147,user26_mix_6,2025-11-14 11:55:09,2025-11-14 11:55:09
148,user27_mix_1,2025-11-14 11:55:09,2025-11-14 11:55:09
149,user28_mix_1,2025-11-14 11:55:09,2025-11-14 11:55:09
150,user28_mix_2,2025-11-14 11:55:09,2025-11-14 11:55:09
151,user28_mix_3,2025-11-14 11:55:09,2025-11-14 11:55:09
152,user29_mix_1,2025-11-14 11:55:09,2025-11-14 11:55:09
153,user29_mix_2,2025-11-14 11:55:09,2025-11-14 11:55:09
154,user31_mix_1,2025-11-14 11:55:09,2025-11-14 11:55:09
155,user31_mix_2,2025-11-14 11:55:09,2025-11-14 11:55:09
156,user31_mix_3,2025-11-14 11:55:09,2025-11-14 11:55:09
157,user31_mix_4,2025-11-14 11:55:09,2025-11-14 11:55:09
158,user31_mix_5,2025-11-14 11:55:09,2025-11-14 11:55:09
159,user31_mix_6,2025-11-14 11:55:09,2025-11-14 11:55:09
160,user31_mix_7,2025-11-14 11:55:09,2025-11-14 11:55:09
161,user31_mix_8,2025-11-14 11:55:09,2025-11-14 11:55:09
162,user31_mix_9,2025-11-14 11:55:09,2025-11-14 11:55:09
163,user31_mix_10,2025-11-14 11:55:09,2025-11-14 11:55:09
164,user32_mix_1,2025-11-14 11:55:09,2025-11-14 11:55:09
165,user32_mix_2,2025-11-14 11:55:09,2025-11-14 11:55:09
166,user33_mix_1,2025-11-14 11:55:09,2025-11-14 11:55:09
167,user33_mix_2,2025-11-14 11:55:09,2025-11-14 11:55:09
168,user33_mix_3,2025-11-14 11:55:09,2025-11-14 11:55:09
169,user33_mix_4,2025-11-14 11:55:09,2025-11-14 11:55:09
170,user33_mix_5,2025-11-14 11:55:09,2025-11-14 11:55:09
171,user33_mix_6,2025-11-14 11:55:09,2025-11-14 11:55:09
172,user33_mix_7,2025-11-14 11:55:09,2025-11-14 11:55:09
173,user33_mix_8,2025-11-14 11:55:09,2025-11-14 11:55:09
174,user33_mix_9,2025-11-14 11:55:09,2025-11-14 11:55:09
175,user33_mix_10,2025-11-14 11:55:09,2025-11-14 11:55:09
176,user34_mix_1,2025-11-14 11:55:09,2025-11-14 11:55:09
177,user34_mix_2,2025-11-14 11:55:09,2025-11-14 11:55:09
178,user34_mix_3,2025-11-14 11:55:09,2025-11-14 11:55:09
179,user34_mix_4,2025-11-14 11:55:09,2025-11-14 11:55:09
180,user34_mix_5,2025-11-14 11:55:09,2025-11-14 11:55:09
181,user34_mix_6,2025-11-14 11:55:09,2025-11-14 11:55:09
182,user34_mix_7,2025-11-14 11:55:09,2025-11-14 11:55:09
183,user34_mix_8,2025-11-14 11:55:09,2025-11-14 11:55:09
184,user34_mix_9,2025-11-14 11:55:09,2025-11-14 11:55:09
185,user35_mix_1,2025-11-14 11:55:09,2025-11-14 11:55:09
186,user35_mix_2,2025-11-14 11:55:09,2025-11-14 11:55:09
187,user35_mix_3,2025-11-14 11:55:09,2025-11-14 11:55:09
188,user35_mix_4,2025-11-14 11:55:09,2025-11-14 11:55:09
189,user35_mix_5,2025-11-14 11:55:09,2025-11-14 11:55:09
190,user35_mix_6,2025-11-14 11:55:09,2025-11-14 11:55:09
191,user35_mix_7,2025-11-14 11:55:09,2025-11-14 11:55:09
192,user35_mix_8,2025-11-14 11:55:09,2025-11-14 11:55:09
193,user36_mix_1,2025-11-14 11:55:09,2025-11-14 11:55:09
194,user36_mix_2,2025-11-14 11:55:09,2025-11-14 11:55:09
195,user36_mix_3,2025-11-14 11:55:09,2025-11-14 11:55:09
196,user36_mix_4,2025-11-14 11:55:09,2025-11-14 11:55:09
197,user36_mix_5,2025-11-14 11:55:09,2025-11-14 11:55:09
198,user37_mix_1,2025-11-14 11:55:09,2025-11-14 11:55:09
199,user38_mix_1,2025-11-14 11:55:09,2025-11-14 11:55:09
200,user38_mix_2,2025-11-14 11:55:09,2025-11-14 11:55:09
201,user39_mix_1,2025-11-14 11:55:09,2025-11-14 11:55:09
202,user39_mix_2,2025-11-14 11:55:09,2025-11-14 11:55:09
203,user39_mix_3,2025-11-14 11:55:09,2025-11-14 11:55:09
204,user39_mix_4,2025-11-14 11:55:09,2025-11-14 11:55:09
205,user39_mix_5,2025-11-14 11:55:09,2025-11-14 11:55:09
206,user39_mix_6,2025-11-14 11:55:09,2025-11-14 11:55:09
207,user39_mix_7,2025-11-14 11:55:09,2025-11-14 11:55:09
208,user39_mix_8,2025-11-14 11:55:09,2025-11-14 11:55:09
209,user40_mix_1,2025-11-14 11:55:09,2025-11-14 11:55:09
210,user40_mix_2,2025-11-14 11:55:09,2025-11-14 11:55:09
211,user40_mix_3,2025-11-14 11:55:09,2025-11-14 11:55:09
212,user41_mix_1,2025-11-14 11:55:09,2025-11-14 11:55:09
213,user41_mix_2,2025-11-14 11:55:09,2025-11-14 11:55:09
214,user41_mix_3,2025-11-14 11:55:09,2025-11-14 11:55:09
215,user41_mix_4,2025-11-14 11:55:09,2025-11-14 11:55:09
216,user41_mix_5,2025-11-14 11:55:09,2025-11-14 11:55:09
217,user41_mix_6,2025-11-14 11:55:09,2025-11-14 11:55:09
218,user41_mix_7,2025-11-14 11:55:09,2025-11-14 11:55:09
219,user42_mix_1,2025-11-14 11:55:09,2025-11-14 11:55:09
220,user42_mix_2,2025-11-14 11:55:09,2025-11-14 11:55:09
221,user42_mix_3,2025-11-14 11:55:09,2025-11-14 11:55:09
222,user42_mix_4,2025-11-14 11:55:09,2025-11-14 11:55:09
223,user42_mix_5,2025-11-14 11:55:09,2025-11-14 11:55:09
224,user42_mix_6,2025-11-14 11:55:09,2025-11-14 11:55:09
225,user42_mix_7,2025-11-14 11:55:09,2025-11-14 11:55:09
226,user43_mix_1,2025-11-14 11:55:09,2025-11-14 11:55:09
227,user43_mix_2,2025-11-14 11:55:09,2025-11-14 11:55:09
228,user43_mix_3,2025-11-14 11:55:09,2025-11-14 11:55:09
229,user43_mix_4,2025-11-14 11:55:09,2025-11-14 11:55:09
230,user43_mix_5,2025-11-14 11:55:09,2025-11-14 11:55:09
231,user43_mix_6,2025-11-14 11:55:09,2025-11-14 11:55:09
232,user43_mix_7,2025-11-14 11:55:09,2025-11-14 11:55:09
233,user43_mix_8,2025-11-14 11:55:09,2025-11-14 11:55:09
234,user43_mix_9,2025-11-14 11:55:09,2025-11-14 11:55:09
235,user44_mix_1,2025-11-14 11:55:09,2025-11-14 11:55:09
236,user44_mix_2,2025-11-14 11:55:09,2025-11-14 11:55:09
237,user45_mix_1,2025-11-14 11:55:09,2025-11-14 11:55:09
238,user46_mix_1,2025-11-14 11:55:09,2025-11-14 11:55:09
239,user46_mix_2,2025-11-14 11:55:09,2025-11-14 11:55:09
240,user46_mix_3,2025-11-14 11:55:09,2025-11-14 11:55:09
241,user46_mix_4,2025-11-14 11:55:09,2025-11-14 11:55:09
242,user46_mix_5,2025-11-14 11:55:09,2025-11-14 11:55:09
243,user46_mix_6,2025-11-14 11:55:09,2025-11-14 11:55:09
244,user46_mix_7,2025-11-14 11:55:09,2025-11-14 11:55:09
245,user46_mix_8,2025-11-14 11:55:09,2025-11-14 11:55:09
246,user47_mix_1,2025-11-14 11:55:09,2025-11-14 11:55:09
247,user48_mix_1,2025-11-14 11:55:09,2025-11-14 11:55:09
248,user48_mix_2,2025-11-14 11:55:09,2025-11-14 11:55:09
249,user48_mix_3,2025-11-14 11:55:09,2025-11-14 11:55:09
250,user48_mix_4,2025-11-14 11:55:09,2025-11-14 11:55:09
251,user48_mix_5,2025-11-14 11:55:09,2025-11-14 11:55:09
252,user49_mix_1,2025-11-14 11:55:09,2025-11-14 11:55:09
253,user49_mix_2,2025-11-14 11:55:09,2025-11-14 11:55:09
254,user49_mix_3,2025-11-14 11:55:09,2025-11-14 11:55:09
255,user50_mix_1,2025-11-14 11:55:09,2025-11-14 11:55:09
256,user50_mix_2,2025-11-14 11:55:09,2025-11-14 11:55:09
257,user50_mix_3,2025-11-14 11:55:09,2025-11-14 11:55:09
258,user50_mix_4,2025-11-14 11:55:09,2025-11-14 11:55:09
259,user50_mix_5,2025-11-14 11:55:09,2025-11-14 11:55:09
260,user50_mix_6,2025-11-14 11:55:09,2025-11-14 11:55:09
261,user51_mix_1,2025-11-14 11:55:09,2025-11-14 11:55:09
262,user51_mix_2,2025-11-14 11:55:09,2025-11-14 11:55:09
263,user51_mix_3,2025-11-14 11:55:09,2025-11-14 11:55:09
264,user51_mix_4,2025-11-14 11:55:09,2025-11-14 11:55:09
265,user51_mix_5,2025-11-14 11:55:09,2025-11-14 11:55:09
266,user51_mix_6,2025-11-14 11:55:09,2025-11-14 11:55:09
267,user51_mix_7,2025-11-14 11:55:09,2025-11-14 11:55:09
268,user51_mix_8,2025-11-14 11:55:09,2025-11-14 11:55:09
269,user51_mix_9,2025-11-14 11:55:09,2025-11-14 11:55:09
270,user52_mix_1,2025-11-14 11:55:09,2025-11-14 11:55:09
271,user52_mix_2,2025-11-14 11:55:09,2025-11-14 11:55:09
272,user52_mix_3,2025-11-14 11:55:09,2025-11-14 11:55:09
273,user53_mix_1,2025-11-14 11:55:09,2025-11-14 11:55:09
274,user53_mix_2,2025-11-14 11:55:09,2025-11-14 11:55:09
275,user53_mix_3,2025-11-14 11:55:09,2025-11-14 11:55:09
276,user53_mix_4,2025-11-14 11:55:09,2025-11-14 11:55:09
277,user53_mix_5,2025-11-14 11:55:09,2025-11-14 11:55:09
278,user53_mix_6,2025-11-14 11:55:09,2025-11-14 11:55:09
279,user53_mix_7,2025-11-14 11:55:09,2025-11-14 11:55:09
280,user54_mix_1,2025-11-14 11:55:09,2025-11-14 11:55:09
281,user54_mix_2,2025-11-14 11:55:09,2025-11-14 11:55:09
282,user54_mix_3,2025-11-14 11:55:09,2025-11-14 11:55:09
283,user54_mix_4,2025-11-14 11:55:09,2025-11-14 11:55:09
284,user54_mix_5,2025-11-14 11:55:09,2025-11-14 11:55:09
285,user55_mix_1,2025-11-14 11:55:09,2025-11-14 11:55:09
286,user55_mix_2,2025-11-14 11:55:09,2025-11-14 11:55:09
287,user55_mix_3,2025-11-14 11:55:09,2025-11-14 11:55:09
288,user55_mix_4,2025-11-14 11:55:09,2025-11-14 11:55:09
289,user56_mix_1,2025-11-14 11:55:09,2025-11-14 11:55:09
290,user56_mix_2,2025-11-14 11:55:09,2025-11-14 11:55:09
291,user56_mix_3,2025-11-14 11:55:09,2025-11-14 11:55:09
292,user56_mix_4,2025-11-14 11:55:09,2025-11-14 11:55:09
293,user56_mix_5,2025-11-14 11:55:09,2025-11-14 11:55:09
294,user56_mix_6,2025-11-14 11:55:09,2025-11-14 11:55:09
295,user57_mix_1,2025-11-14 11:55:09,2025-11-14 11:55:09
296,user57_mix_2,2025-11-14 11:55:09,2025-11-14 11:55:09
297,user57_mix_3,2025-11-14 11:55:09,2025-11-14 11:55:09
298,user57_mix_4,2025-11-14 11:55:09,2025-11-14 11:55:09
299,user57_mix_5,2025-11-14 11:55:09,2025-11-14 11:55:09
300,user57_mix_6,2025-11-14 11:55:09,2025-11-14 11:55:09
301,user57_mix_7,2025-11-14 11:55:09,2025-11-14 11:55:09
302,user57_mix_8,2025-11-14 11:55:09,2025-11-14 11:55:09
303,user57_mix_9,2025-11-14 11:55:09,2025-11-14 11:55:09
304,user57_mix_10,2025-11-14 11:55:09,2025-11-14 11:55:09
305,user58_mix_1,2025-11-14 11:55:09,2025-11-14 11:55:09
306,user58_mix_2,2025-11-14 11:55:09,2025-11-14 11:55:09
307,user58_mix_3,2025-11-14 11:55:09,2025-11-14 11:55:09
308,user59_mix_1,2025-11-14 11:55:09,2025-11-14 11:55:09
309,user59_mix_2,2025-11-14 11:55:09,2025-11-14 11:55:09
310,user59_mix_3,2025-11-14 11:55:09,2025-11-14 11:55:09
311,user59_mix_4,2025-11-14 11:55:09,2025-11-14 11:55:09
312,user59_mix_5,2025-11-14 11:55:09,2025-11-14 11:55:09
313,user59_mix_6,2025-11-14 11:55:09,2025-11-14 11:55:09
314,user59_mix_7,2025-11-14 11:55:09,2025-11-14 11:55:09
315,user61_mix_1,2025-11-14 11:55:09,2025-11-14 11:55:09
316,user61_mix_2,2025-11-14 11:55:09,2025-11-14 11:55:09
317,user61_mix_3,2025-11-14 11:55:09,2025-11-14 11:55:09
318,user61_mix_4,2025-11-14 11:55:09,2025-11-14 11:55:09
319,user61_mix_5,2025-11-14 11:55:09,2025-11-14 11:55:09
320,user61_mix_6,2025-11-14 11:55:09,2025-11-14 11:55:09
321,user61_mix_7,2025-11-14 11:55:09,2025-11-14 11:55:09
322,user61_mix_8,2025-11-14 11:55:09,2025-11-14 11:55:09
323,user61_mix_9,2025-11-14 11:55:09,2025-11-14 11:55:09
324,user61_mix_10,2025-11-14 11:55:09,2025-11-14 11:55:09
325,user62_mix_1,2025-11-14 11:55:09,2025-11-14 11:55:09
326,user62_mix_2,2025-11-14 11:55:09,2025-11-14 11:55:09
327,user62_mix_3,2025-11-14 11:55:09,2025-11-14 11:55:09
328,user62_mix_4,2025-11-14 11:55:09,2025-11-14 11:55:09
329,user62_mix_5,2025-11-14 11:55:09,2025-11-14 11:55:09
330,user62_mix_6,2025-11-14 11:55:09,2025-11-14 11:55:09
331,user62_mix_7,2025-11-14 11:55:09,2025-11-14 11:55:09
332,user62_mix_8,2025-11-14 11:55:09,2025-11-14 11:55:09
333,user64_mix_1,2025-11-14 11:55:09,2025-11-14 11:55:09
334,user64_mix_2,2025-11-14 11:55:09,2025-11-14 11:55:09
335,user64_mix_3,2025-11-14 11:55:09,2025-11-14 11:55:09
336,user64_mix_4,2025-11-14 11:55:09,2025-11-14 11:55:09
337,user65_mix_1,2025-11-14 11:55:09,2025-11-14 11:55:09
338,user68_mix_1,2025-11-14 11:55:09,2025-11-14 11:55:09
339,user68_mix_2,2025-11-14 11:55:09,2025-11-14 11:55:09
340,user68_mix_3,2025-11-14 11:55:09,2025-11-14 11:55:09
341,user68_mix_4,2025-11-14 11:55:09,2025-11-14 11:55:09
342,user68_mix_5,2025-11-14 11:55:09,2025-11-14 11:55:09
343,user68_mix_6,2025-11-14 11:55:09,2025-11-14 11:55:09
344,user68_mix_7,2025-11-14 11:55:09,2025-11-14 11:55:09
345,user68_mix_8,2025-11-14 11:55:09,2025-11-14 11:55:09
346,user68_mix_9,2025-11-14 11:55:09,2025-11-14 11:55:09
347,user69_mix_1,2025-11-14 11:55:09,2025-11-14 11:55:09
348,user69_mix_2,2025-11-14 11:55:09,2025-11-14 11:55:09
349,user69_mix_3,2025-11-14 11:55:09,2025-11-14 11:55:09
350,user70_mix_1,2025-11-14 11:55:09,2025-11-14 11:55:09
351,user70_mix_2,2025-11-14 11:55:09,2025-11-14 11:55:09
352,user70_mix_3,2025-11-14 11:55:09,2025-11-14 11:55:09
353,user70_mix_4,2025-11-14 11:55:09,2025-11-14 11:55:09
354,user70_mix_5,2025-11-14 11:55:09,2025-11-14 11:55:09
355,user71_mix_1,2025-11-14 11:55:09,2025-11-14 11:55:09
356,user71_mix_2,2025-11-14 11:55:09,2025-11-14 11:55:09
357,user71_mix_3,2025-11-14 11:55:09,2025-11-14 11:55:09
358,user71_mix_4,2025-11-14 11:55:09,2025-11-14 11:55:09
359,user71_mix_5,2025-11-14 11:55:09,2025-11-14 11:55:09
360,user71_mix_6,2025-11-14 11:55:09,2025-11-14 11:55:09
361,user71_mix_7,2025-11-14 11:55:09,2025-11-14 11:55:09
362,user71_mix_8,2025-11-14 11:55:09,2025-11-14 11:55:09
363,user71_mix_9,2025-11-14 11:55:09,2025-11-14 11:55:09
364,user72_mix_1,2025-11-14 11:55:09,2025-11-14 11:55:09
365,user72_mix_2,2025-11-14 11:55:09,2025-11-14 11:55:09
366,user72_mix_3,2025-11-14 11:55:09,2025-11-14 11:55:09
367,user72_mix_4,2025-11-14 11:55:09,2025-11-14 11:55:09
368,user72_mix_5,2025-11-14 11:55:09,2025-11-14 11:55:09
369,user72_mix_6,2025-11-14 11:55:09,2025-11-14 11:55:09
370,user72_mix_7,2025-11-14 11:55:09,2025-11-14 11:55:09
371,user72_mix_8,2025-11-14 11:55:09,2025-11-14 11:55:09
372,user73_mix_1,2025-11-14 11:55:09,2025-11-14 11:55:09
373,user73_mix_2,2025-11-14 11:55:09,2025-11-14 11:55:09
374,user73_mix_3,2025-11-14 11:55:09,2025-11-14 11:55:09
375,user73_mix_4,2025-11-14 11:55:09,2025-11-14 11:55:09
376,user73_mix_5,2025-11-14 11:55:09,2025-11-14 11:55:09
377,user73_mix_6,2025-11-14 11:55:09,2025-11-14 11:55:09
378,user73_mix_7,2025-11-14 11:55:09,2025-11-14 11:55:09
379,user73_mix_8,2025-11-14 11:55:09,2025-11-14 11:55:09
380,user73_mix_9,2025-11-14 11:55:09,2025-11-14 11:55:09
381,user74_mix_1,2025-11-14 11:55:09,2025-11-14 11:55:09
382,user74_mix_2,2025-11-14 11:55:09,2025-11-14 11:55:09
383,user74_mix_3,2025-11-14 11:55:09,2025-11-14 11:55:09
384,user75_mix_1,2025-11-14 11:55:09,2025-11-14 11:55:09
385,user75_mix_2,2025-11-14 11:55:09,2025-11-14 11:55:09
386,user75_mix_3,2025-11-14 11:55:09,2025-11-14 11:55:09
387,user76_mix_1,2025-11-14 11:55:09,2025-11-14 11:55:09
388,user77_mix_1,2025-11-14 11:55:09,2025-11-14 11:55:09
389,user77_mix_2,2025-11-14 11:55:09,2025-11-14 11:55:09
390,user78_mix_1,2025-11-14 11:55:09,2025-11-14 11:55:09
391,user78_mix_2,2025-11-14 11:55:09,2025-11-14 11:55:09
392,user78_mix_3,2025-11-14 11:55:09,2025-11-14 11:55:09
393,user78_mix_4,2025-11-14 11:55:09,2025-11-14 11:55:09
394,user79_mix_1,2025-11-14 11:55:09,2025-11-14 11:55:09
395,user79_mix_2,2025-11-14 11:55:09,2025-11-14 11:55:09
396,user79_mix_3,2025-11-14 11:55:09,2025-11-14 11:55:09
397,user79_mix_4,2025-11-14 11:55:09,2025-11-14 11:55:09
398,user79_mix_5,2025-11-14 11:55:09,2025-11-14 11:55:09
399,user79_mix_6,2025-11-14 11:55:09,2025-11-14 11:55:09
400,user79_mix_7,2025-11-14 11:55:09,2025-11-14 11:55:09
401,user79_mix_8,2025-11-14 11:55:09,2025-11-14 11:55:09
402,user79_mix_9,2025-11-14 11:55:09,2025-11-14 11:55:09
403,user80_mix_1,2025-11-14 11:55:09,2025-11-14 11:55:09
404,user80_mix_2,2025-11-14 11:55:09,2025-11-14 11:55:09
405,user80_mix_3,2025-11-14 11:55:09,2025-11-14 11:55:09
406,user81_mix_1,2025-11-14 11:55:09,2025-11-14 11:55:09
407,user81_mix_2,2025-11-14 11:55:09,2025-11-14 11:55:09
408,user81_mix_3,2025-11-14 11:55:09,2025-11-14 11:55:09
409,user81_mix_4,2025-11-14 11:55:09,2025-11-14 11:55:09
410,user81_mix_5,2025-11-14 11:55:09,2025-11-14 11:55:09
411,user81_mix_6,2025-11-14 11:55:09,2025-11-14 11:55:09
412,user81_mix_7,2025-11-14 11:55:09,2025-11-14 11:55:09
413,user81_mix_8,2025-11-14 11:55:09,2025-11-14 11:55:09
414,user81_mix_9,2025-11-14 11:55:09,2025-11-14 11:55:09
415,user81_mix_10,2025-11-14 11:55:09,2025-11-14 11:55:09
416,user82_mix_1,2025-11-14 11:55:09,2025-11-14 11:55:09
417,user82_mix_2,2025-11-14 11:55:09,2025-11-14 11:55:09
418,user82_mix_3,2025-11-14 11:55:09,2025-11-14 11:55:09
419,user82_mix_4,2025-11-14 11:55:09,2025-11-14 11:55:09
420,user83_mix_1,2025-11-14 11:55:09,2025-11-14 11:55:09
421,user83_mix_2,2025-11-14 11:55:09,2025-11-14 11:55:09
422,user83_mix_3,2025-11-14 11:55:09,2025-11-14 11:55:09
423,user83_mix_4,2025-11-14 11:55:09,2025-11-14 11:55:09
424,user84_mix_1,2025-11-14 11:55:09,2025-11-14 11:55:09
425,user84_mix_2,2025-11-14 11:55:09,2025-11-14 11:55:09
426,user84_mix_3,2025-11-14 11:55:09,2025-11-14 11:55:09
427,user84_mix_4,2025-11-14 11:55:09,2025-11-14 11:55:09
428,user86_mix_1,2025-11-14 11:55:09,2025-11-14 11:55:09
429,user86_mix_2,2025-11-14 11:55:09,2025-11-14 11:55:09
430,user86_mix_3,2025-11-14 11:55:09,2025-11-14 11:55:09
431,user86_mix_4,2025-11-14 11:55:09,2025-11-14 11:55:09
432,user87_mix_1,2025-11-14 11:55:09,2025-11-14 11:55:09
433,user87_mix_2,2025-11-14 11:55:09,2025-11-14 11:55:09
434,user87_mix_3,2025-11-14 11:55:09,2025-11-14 11:55:09
435,user87_mix_4,2025-11-14 11:55:09,2025-11-14 11:55:09
436,user87_mix_5,2025-11-14 11:55:09,2025-11-14 11:55:09
437,user87_mix_6,2025-11-14 11:55:09,2025-11-14 11:55:09
438,user87_mix_7,2025-11-14 11:55:09,2025-11-14 11:55:09
439,user88_mix_1,2025-11-14 11:55:09,2025-11-14 11:55:09
440,user88_mix_2,2025-11-14 11:55:09,2025-11-14 11:55:09
441,user88_mix_3,2025-11-14 11:55:09,2025-11-14 11:55:09
442,user88_mix_4,2025-11-14 11:55:09,2025-11-14 11:55:09
443,user88_mix_5,2025-11-14 11:55:09,2025-11-14 11:55:09
444,user88_mix_6,2025-11-14 11:55:09,2025-11-14 11:55:09
445,user88_mix_7,2025-11-14 11:55:09,2025-11-14 11:55:09
446,user88_mix_8,2025-11-14 11:55:09,2025-11-14 11:55:09
447,user89_mix_1,2025-11-14 11:55:09,2025-11-14 11:55:09
448,user89_mix_2,2025-11-14 11:55:09,2025-11-14 11:55:09
449,user89_mix_3,2025-11-14 11:55:09,2025-11-14 11:55:09
450,user89_mix_4,2025-11-14 11:55:09,2025-11-14 11:55:09
451,user89_mix_5,2025-11-14 11:55:09,2025-11-14 11:55:09
452,user90_mix_1,2025-11-14 11:55:09,2025-11-14 11:55:09
453,user90_mix_2,2025-11-14 11:55:09,2025-11-14 11:55:09
454,user90_mix_3,2025-11-14 11:55:09,2025-11-14 11:55:09
455,user90_mix_4,2025-11-14 11:55:09,2025-11-14 11:55:09
456,user92_mix_1,2025-11-14 11:55:09,2025-11-14 11:55:09
457,user92_mix_2,2025-11-14 11:55:09,2025-11-14 11:55:09
458,user92_mix_3,2025-11-14 11:55:09,2025-11-14 11:55:09
459,user92_mix_4,2025-11-14 11:55:09,2025-11-14 11:55:09
460,user92_mix_5,2025-11-14 11:55:09,2025-11-14 11:55:09
461,user92_mix_6,2025-11-14 11:55:09,2025-11-14 11:55:09
462,user92_mix_7,2025-11-14 11:55:09,2025-11-14 11:55:09
463,user92_mix_8,2025-11-14 11:55:09,2025-11-14 11:55:09
464,user92_mix_9,2025-11-14 11:55:09,2025-11-14 11:55:09
465,user93_mix_1,2025-11-14 11:55:09,2025-11-14 11:55:09
466,user93_mix_2,2025-11-14 11:55:09,2025-11-14 11:55:09
467,user93_mix_3,2025-11-14 11:55:09,2025-11-14 11:55:09
468,user93_mix_4,2025-11-14 11:55:09,2025-11-14 11:55:09
469,user93_mix_5,2025-11-14 11:55:09,2025-11-14 11:55:09
470,user93_mix_6,2025-11-14 11:55:09,2025-11-14 11:55:09
471,user93_mix_7,2025-11-14 11:55:09,2025-11-14 11:55:09
472,user93_mix_8,2025-11-14 11:55:09,2025-11-14 11:55:09
473,user94_mix_1,2025-11-14 11:55:09,2025-11-14 11:55:09
474,user94_mix_2,2025-11-14 11:55:09,2025-11-14 11:55:09
475,user94_mix_3,2025-11-14 11:55:09,2025-11-14 11:55:09
476,user94_mix_4,2025-11-14 11:55:09,2025-11-14 11:55:09
477,user95_mix_1,2025-11-14 11:55:09,2025-11-14 11:55:09
478,user96_mix_1,2025-11-14 11:55:09,2025-11-14 11:55:09
479,user96_mix_2,2025-11-14 11:55:09,2025-11-14 11:55:09
480,user96_mix_3,2025-11-14 11:55:09,2025-11-14 11:55:09
481,user96_mix_4,2025-11-14 11:55:09,2025-11-14 11:55:09
482,user96_mix_5,2025-11-14 11:55:09,2025-11-14 11:55:09
483,user98_mix_1,2025-11-14 11:55:09,2025-11-14 11:55:09
484,user98_mix_2,2025-11-14 11:55:09,2025-11-14 11:55:09
485,user98_mix_3,2025-11-14 11:55:09,2025-11-14 11:55:09
486,user98_mix_4,2025-11-14 11:55:09,2025-11-14 11:55:09
487,user98_mix_5,2025-11-14 11:55:09,2025-11-14 11:55:09
488,user98_mix_6,2025-11-14 11:55:09,2025-11-14 11:55:09
489,user99_mix_1,2025-11-14 11:55:09,2025-11-14 11:55:09
490,user99_mix_2,2025-11-14 11:55:09,2025-11-14 11:55:09
491,user99_mix_3,2025-11-14 11:55:09,2025-11-14 11:55:09
492,user99_mix_4,2025-11-14 11:55:09,2025-11-14 11:55:09
493,user99_mix_5,2025-11-14 11:55:09,2025-11-14 11:55:09
494,user99_mix_6,2025-11-14 11:55:09,2025-11-14 11:55:09
495,user99_mix_7,2025-11-14 11:55:09,2025-11-14 11:55:09
496,user99_mix_8,2025-11-14 11:55:09,2025-11-14 11:55:09
497,user100_mix_1,2025-11-14 11:55:09,2025-11-14 11:55:09
498,user100_mix_2,2025-11-14 11:55:09,2025-11-14 11:55:09
499,user100_mix_3,2025-11-14 11:55:09,2025-11-14 11:55:09
500,user100_mix_4,2025-11-14 11:55:09,2025-11-14 11:55:09
501,user100_mix_5,2025-11-14 11:55:09,2025-11-14 11:55:09
502,user101_mix_1,2025-11-14 11:55:09,2025-11-14 11:55:09
503,user101_mix_2,2025-11-14 11:55:09,2025-11-14 11:55:09
504,user101_mix_3,2025-11-14 11:55:09,2025-11-14 11:55:09
505,user101_mix_4,2025-11-14 11:55:09,2025-11-14 11:55:09
506,user101_mix_5,2025-11-14 11:55:09,2025-11-14 11:55:09
507,user101_mix_6,2025-11-14 11:55:09,2025-11-14 11:55:09
508,user101_mix_7,2025-11-14 11:55:09,2025-11-14 11:55:09
509,user101_mix_8,2025-11-14 11:55:09,2025-11-14 11:55:09
510,user101_mix_9,2025-11-14 11:55:09,2025-11-14 11:55:09
511,user101_mix_10,2025-11-14 11:55:09,2025-11-14 11:55:09
512,user103_mix_1,2025-11-14 11:55:09,2025-11-14 11:55:09
513,user103_mix_2,2025-11-14 11:55:09,2025-11-14 11:55:09
514,user103_mix_3,2025-11-14 11:55:09,2025-11-14 11:55:09
515,user104_mix_1,2025-11-14 11:55:09,2025-11-14 11:55:09
516,user104_mix_2,2025-11-14 11:55:09,2025-11-14 11:55:09
517,user104_mix_3,2025-11-14 11:55:09,2025-11-14 11:55:09
518,user104_mix_4,2025-11-14 11:55:09,2025-11-14 11:55:09
519,user106_mix_1,2025-11-14 11:55:09,2025-11-14 11:55:09
520,user106_mix_2,2025-11-14 11:55:09,2025-11-14 11:55:09
521,user106_mix_3,2025-11-14 11:55:09,2025-11-14 11:55:09
522,user106_mix_4,2025-11-14 11:55:09,2025-11-14 11:55:09
523,user106_mix_5,2025-11-14 11:55:09,2025-11-14 11:55:09
524,user106_mix_6,2025-11-14 11:55:09,2025-11-14 11:55:09
525,user106_mix_7,2025-11-14 11:55:09,2025-11-14 11:55:09
526,user106_mix_8,2025-11-14 11:55:09,2025-11-14 11:55:09
527,user106_mix_9,2025-11-14 11:55:09,2025-11-14 11:55:09
528,user106_mix_10,2025-11-14 11:55:09,2025-11-14 11:55:09
529,user107_mix_1,2025-11-14 11:55:09,2025-11-14 11:55:09
530,user107_mix_2,2025-11-14 11:55:09,2025-11-14 11:55:09
531,user107_mix_3,2025-11-14 11:55:09,2025-11-14 11:55:09
532,user107_mix_4,2025-11-14 11:55:09,2025-11-14 11:55:09
533,user107_mix_5,2025-11-14 11:55:09,2025-11-14 11:55:09
534,user107_mix_6,2025-11-14 11:55:09,2025-11-14 11:55:09
535,user107_mix_7,2025-11-14 11:55:09,2025-11-14 11:55:09
536,user107_mix_8,2025-11-14 11:55:09,2025-11-14 11:55:09
537,user108_mix_1,2025-11-14 11:55:09,2025-11-14 11:55:09
538,user108_mix_2,2025-11-14 11:55:09,2025-11-14 11:55:09
539,user108_mix_3,2025-11-14 11:55:09,2025-11-14 11:55:09
540,user108_mix_4,2025-11-14 11:55:09,2025-11-14 11:55:09
541,user108_mix_5,2025-11-14 11:55:09,2025-11-14 11:55:09
542,user108_mix_6,2025-11-14 11:55:09,2025-11-14 11:55:09
543,user108_mix_7,2025-11-14 11:55:09,2025-11-14 11:55:09
544,user108_mix_8,2025-11-14 11:55:09,2025-11-14 11:55:09
545,user108_mix_9,2025-11-14 11:55:09,2025-11-14 11:55:09
546,user108_mix_10,2025-11-14 11:55:09,2025-11-14 11:55:09
547,user109_mix_1,2025-11-14 11:55:09,2025-11-14 11:55:09
548,user109_mix_2,2025-11-14 11:55:09,2025-11-14 11:55:09
549,user109_mix_3,2025-11-14 11:55:09,2025-11-14 11:55:09
550,user109_mix_4,2025-11-14 11:55:09,2025-11-14 11:55:09
551,user109_mix_5,2025-11-14 11:55:09,2025-11-14 11:55:09
552,user109_mix_6,2025-11-14 11:55:09,2025-11-14 11:55:09
553,user109_mix_7,2025-11-14 11:55:09,2025-11-14 11:55:09
554,user109_mix_8,2025-11-14 11:55:09,2025-11-14 11:55:09
555,user109_mix_9,2025-11-14 11:55:09,2025-11-14 11:55:09
556,user109_mix_10,2025-11-14 11:55:09,2025-11-14 11:55:09
557,user110_mix_1,2025-11-14 11:55:09,2025-11-14 11:55:09
558,user111_mix_1,2025-11-14 11:55:09,2025-11-14 11:55:09
559,user111_mix_2,2025-11-14 11:55:09,2025-11-14 11:55:09
560,user111_mix_3,2025-11-14 11:55:09,2025-11-14 11:55:09
561,user111_mix_4,2025-11-14 11:55:09,2025-11-14 11:55:09
562,user112_mix_1,2025-11-14 11:55:09,2025-11-14 11:55:09
563,user112_mix_2,2025-11-14 11:55:09,2025-11-14 11:55:09
564,user112_mix_3,2025-11-14 11:55:09,2025-11-14 11:55:09
565,user112_mix_4,2025-11-14 11:55:09,2025-11-14 11:55:09
566,user112_mix_5,2025-11-14 11:55:09,2025-11-14 11:55:09
567,user112_mix_6,2025-11-14 11:55:09,2025-11-14 11:55:09
568,user112_mix_7,2025-11-14 11:55:09,2025-11-14 11:55:09
569,user112_mix_8,2025-11-14 11:55:09,2025-11-14 11:55:09
570,user113_mix_1,2025-11-14 11:55:09,2025-11-14 11:55:09
571,user114_mix_1,2025-11-14 11:55:09,2025-11-14 11:55:09
572,user114_mix_2,2025-11-14 11:55:09,2025-11-14 11:55:09
573,user115_mix_1,2025-11-14 11:55:09,2025-11-14 11:55:09
574,user115_mix_2,2025-11-14 11:55:09,2025-11-14 11:55:09
575,user115_mix_3,2025-11-14 11:55:09,2025-11-14 11:55:09
576,user115_mix_4,2025-11-14 11:55:09,2025-11-14 11:55:09
577,user115_mix_5,2025-11-14 11:55:09,2025-11-14 11:55:09
578,user115_mix_6,2025-11-14 11:55:09,2025-11-14 11:55:09
579,user116_mix_1,2025-11-14 11:55:09,2025-11-14 11:55:09
580,user116_mix_2,2025-11-14 11:55:09,2025-11-14 11:55:09
581,user116_mix_3,2025-11-14 11:55:09,2025-11-14 11:55:09
582,user118_mix_1,2025-11-14 11:55:09,2025-11-14 11:55:09
583,user118_mix_2,2025-11-14 11:55:09,2025-11-14 11:55:09
584,user119_mix_1,2025-11-14 11:55:09,2025-11-14 11:55:09
585,user119_mix_2,2025-11-14 11:55:09,2025-11-14 11:55:09
586,user119_mix_3,2025-11-14 11:55:09,2025-11-14 11:55:09
587,user119_mix_4,2025-11-14 11:55:09,2025-11-14 11:55:09
588,user119_mix_5,2025-11-14 11:55:09,2025-11-14 11:55:09
589,user119_mix_6,2025-11-14 11:55:09,2025-11-14 11:55:09
