user_id,username,email,password
1,user1,user1@example.com,password1
2,user2,user2@example.com,password2
3,user3,user3@example.com,password3
4,user4,user4@example.com,password4
5,user5,user5@example.com,password5
6,user6,user6@example.com,password6
7,user7,user7@example.com,password7
8,user8,user8@example.com,password8
9,user9,user9@example.com,password9
10,user10,user10@example.com,password10
11,user11,user11@example.com,password11
12,user12,user12@example.com,password12
13,user13,user13@example.com,password13
14,user14,user14@example.com,password14
15,user15,user15@example.com,password15
16,user16,user16@example.com,password16
17,user17,user17@example.com,password17
18,user18,user18@example.com,password18
19,user19,user19@example.com,password19
20,user20,user20@example.com,password20
21,user21,user21@example.com,password21
22,user22,user22@example.com,password22
23,user23,user23@example.com,password23
24,user24,user24@example.com,password24
25,user25,user25@example.com,password25
26,user26,user26@example.com,password26
27,user27,user27@example.com,password27
28,user28,user28@example.com,password28
29,user29,user29@example.com,password29
30,user30,user30@example.com,password30
31,user31,user31@example.com,password31
32,user32,user32@example.com,password32
33,user33,user33@example.com,password33
34,user34,user34@example.com,password34
35,user35,user35@example.com,password35
36,user36,user36@example.com,password36
37,user37,user37@example.com,password37
38,user38,user38@example.com,password38
39,user39,user39@example.com,password39
40,user40,user40@example.com,password40
41,user41,user41@example.com,password41
42,user42,user42@example.com,password42
43,user43,user43@example.com,password43
44,user44,user44@example.com,password44
45,user45,user45@example.com,password45
46,user46,user46@example.com,password46
47,user47,user47@example.com,password47
48,user48,user48@example.com,password48
49,user49,user49@example.com,password49
50,user50,user50@example.com,password50
51,user51,user51@example.com,password51
52,user52,user52@example.com,password52
53,user53,user53@example.com,password53
54,user54,user54@example.com,password54
55,user55,user55@example.com,password55
56,user56,user56@example.com,password56
57,user57,user57@example.com,password57
58,user58,user58@example.com,password58
59,user59,user59@example.com,password59
60,user60,user60@example.com,password60
61,user61,user61@example.com,password61
62,user62,user62@example.com,password62
63,user63,user63@example.com,password63
64,user64,user64@example.com,password64
65,user65,user65@example.com,password65
66,user66,user66@example.com,password66
67,user67,user67@example.com,password67
68,user68,user68@example.com,password68
69,user69,user69@example.com,password69
70,user70,user70@example.com,password70
71,user71,user71@example.com,password71
72,user72,user72@example.com,password72
73,user73,user73@example.com,password73
74,user74,user74@example.com,password74
75,user75,user75@example.com,password75
76,user76,user76@example.com,password76
77,user77,user77@example.com,password77
78,user78,user78@example.com,password78
79,user79,user79@example.com,password79
80,user80,user80@example.com,password80
81,user81,user81@example.com,password81
82,user82,user82@example.com,password82
83,user83,user83@example.com,password83
84,user84,user84@example.com,password84
85,user85,user85@example.com,password85
86,user86,user86@example.com,password86
87,user87,user87@example.com,password87
88,user88,user88@example.com,password88
89,user89,user89@example.com,password89
90,user90,user90@example.com,password90
91,user91,user91@example.com,password91
92,user92,user92@example.com,password92
93,user93,user93@example.com,password93
94,user94,user94@example.com,password94
95,user95,user95@example.com,password95
96,user96,user96@example.com,password96
97,user97,user97@example.com,password97
98,user98,user98@example.com,password98
99,user99,user99@example.com,password99
100,user100,user100@example.com,password100
101,user101,user101@example.com,password101
102,user102,user102@example.com,password102
103,user103,user103@example.com,password103
104,user104,user104@example.com,password104
105,user105,user105@example.com,password105
106,user106,user106@example.com,password106
107,user107,user107@example.com,password107
108,user108,user108@example.com,password108
109,user109,user109@example.com,password109
110,user110,user110@example.com,password110
111,user111,user111@example.com,password111
112,user112,user112@example.com,password112
113,user113,user113@example.com,password113
114,user114,user114@example.com,password114
115,user115,user115@example.com,password115
116,user116,user116@example.com,password116
117,user117,user117@example.com,password117
118,user118,user118@example.com,password118
119,user119,user119@example.com,password119
120,user120,user120@example.com,password120
